{
  "arch": "x86",
  "build": "py27_0",
  "build_number": 0,
  "channel": "https://repo.continuum.io/pkgs/main",
  "constrains": [],
  "depends": [
    "python >=2.7,<2.8.0a0"
  ],
  "extracted_package_dir": "C:\\Users\\Administrator\\Anaconda3\\pkgs32\\certifi-2018.4.16-py27_0",
  "files": [
    "Lib/site-packages/certifi-2018.04.16-py2.7.egg-info",
    "Lib/site-packages/certifi/__init__.py",
    "Lib/site-packages/certifi/__init__.pyc",
    "Lib/site-packages/certifi/__main__.py",
    "Lib/site-packages/certifi/__main__.pyc",
    "Lib/site-packages/certifi/cacert.pem",
    "Lib/site-packages/certifi/core.py",
    "Lib/site-packages/certifi/core.pyc"
  ],
  "fn": "certifi-2018.4.16-py27_0.tar.bz2",
  "license": "ISC",
  "link": {
    "source": "C:\\Users\\Administrator\\Anaconda3\\pkgs32\\certifi-2018.4.16-py27_0",
    "type": 1
  },
  "md5": "325184298814d33d8fdbb4683150d379",
  "name": "certifi",
  "package_tarball_full_path": "C:\\Users\\Administrator\\Anaconda3\\pkgs32\\certifi-2018.4.16-py27_0.tar.bz2",
  "paths_data": {
    "paths": [
      {
        "_path": "Lib/site-packages/certifi-2018.04.16-py2.7.egg-info",
        "path_type": "hardlink",
        "sha256": "9cafc85f2b3335e402d3753e910369af6f23d34ce584315ea6a0c52106962a4c",
        "sha256_in_prefix": "9cafc85f2b3335e402d3753e910369af6f23d34ce584315ea6a0c52106962a4c",
        "size_in_bytes": 3019
      },
      {
        "_path": "Lib/site-packages/certifi/__init__.py",
        "path_type": "hardlink",
        "sha256": "2870e542d4104d198e1b44c98b5d99204e565aadad6073396b1df4117e94274e",
        "sha256_in_prefix": "2870e542d4104d198e1b44c98b5d99204e565aadad6073396b1df4117e94274e",
        "size_in_bytes": 63
      },
      {
        "_path": "Lib/site-packages/certifi/__init__.pyc",
        "path_type": "hardlink",
        "sha256": "d6e8fceeae4d9798496caaabb8ff201767f7a89fddaf36998749c39f47e59401",
        "sha256_in_prefix": "d6e8fceeae4d9798496caaabb8ff201767f7a89fddaf36998749c39f47e59401",
        "size_in_bytes": 238
      },
      {
        "_path": "Lib/site-packages/certifi/__main__.py",
        "path_type": "hardlink",
        "sha256": "162398b75165b6cb7bc24f4345ae860a806bf2a054c65350bbf30a25fd3813ab",
        "sha256_in_prefix": "162398b75165b6cb7bc24f4345ae860a806bf2a054c65350bbf30a25fd3813ab",
        "size_in_bytes": 41
      },
      {
        "_path": "Lib/site-packages/certifi/__main__.pyc",
        "path_type": "hardlink",
        "sha256": "2135ad118b50c759b997bcee3a4ead11c2f7454b7f39adba214ef05b901c7710",
        "sha256_in_prefix": "2135ad118b50c759b997bcee3a4ead11c2f7454b7f39adba214ef05b901c7710",
        "size_in_bytes": 187
      },
      {
        "_path": "Lib/site-packages/certifi/cacert.pem",
        "path_type": "hardlink",
        "sha256": "d25c0c2db7e2e2e9b30dd3a674b31dacd920671c3ee72e8f084d743eb9c9cbe9",
        "sha256_in_prefix": "d25c0c2db7e2e2e9b30dd3a674b31dacd920671c3ee72e8f084d743eb9c9cbe9",
        "size_in_bytes": 268839
      },
      {
        "_path": "Lib/site-packages/certifi/core.py",
        "path_type": "hardlink",
        "sha256": "c4f403746fec8b2e40ec17ea1966bb44985c03ad715c4a8f892af0f463728471",
        "sha256_in_prefix": "c4f403746fec8b2e40ec17ea1966bb44985c03ad715c4a8f892af0f463728471",
        "size_in_bytes": 836
      },
      {
        "_path": "Lib/site-packages/certifi/core.pyc",
        "path_type": "hardlink",
        "sha256": "cb99aecbf63c73952fabad1ae8f87f275914c68b398f0b7f540bbc568ff78219",
        "sha256_in_prefix": "cb99aecbf63c73952fabad1ae8f87f275914c68b398f0b7f540bbc568ff78219",
        "size_in_bytes": 1315
      }
    ],
    "paths_version": 1
  },
  "platform": "win32",
  "requested_spec": "None",
  "size": 146289,
  "subdir": "win-32",
  "timestamp": 1524178440673,
  "url": "https://repo.continuum.io/pkgs/main/win-32/certifi-2018.4.16-py27_0.tar.bz2",
  "version": "2018.4.16"
}