{
  "arch": "x86",
  "build": "py27_0",
  "build_number": 0,
  "channel": "https://repo.continuum.io/pkgs/main",
  "constrains": [],
  "depends": [
    "certifi >=2016.09",
    "python >=2.7,<2.8.0a0",
    "wincertstore >=0.2"
  ],
  "extracted_package_dir": "C:\\Users\\Administrator\\Anaconda3\\pkgs32\\setuptools-39.2.0-py27_0",
  "files": [
    "Lib/site-packages/easy_install.py",
    "Lib/site-packages/easy_install.pyc",
    "Lib/site-packages/pkg_resources/__init__.py",
    "Lib/site-packages/pkg_resources/__init__.pyc",
    "Lib/site-packages/pkg_resources/_vendor/__init__.py",
    "Lib/site-packages/pkg_resources/_vendor/__init__.pyc",
    "Lib/site-packages/pkg_resources/_vendor/appdirs.py",
    "Lib/site-packages/pkg_resources/_vendor/appdirs.pyc",
    "Lib/site-packages/pkg_resources/_vendor/packaging/__about__.py",
    "Lib/site-packages/pkg_resources/_vendor/packaging/__about__.pyc",
    "Lib/site-packages/pkg_resources/_vendor/packaging/__init__.py",
    "Lib/site-packages/pkg_resources/_vendor/packaging/__init__.pyc",
    "Lib/site-packages/pkg_resources/_vendor/packaging/_compat.py",
    "Lib/site-packages/pkg_resources/_vendor/packaging/_compat.pyc",
    "Lib/site-packages/pkg_resources/_vendor/packaging/_structures.py",
    "Lib/site-packages/pkg_resources/_vendor/packaging/_structures.pyc",
    "Lib/site-packages/pkg_resources/_vendor/packaging/markers.py",
    "Lib/site-packages/pkg_resources/_vendor/packaging/markers.pyc",
    "Lib/site-packages/pkg_resources/_vendor/packaging/requirements.py",
    "Lib/site-packages/pkg_resources/_vendor/packaging/requirements.pyc",
    "Lib/site-packages/pkg_resources/_vendor/packaging/specifiers.py",
    "Lib/site-packages/pkg_resources/_vendor/packaging/specifiers.pyc",
    "Lib/site-packages/pkg_resources/_vendor/packaging/utils.py",
    "Lib/site-packages/pkg_resources/_vendor/packaging/utils.pyc",
    "Lib/site-packages/pkg_resources/_vendor/packaging/version.py",
    "Lib/site-packages/pkg_resources/_vendor/packaging/version.pyc",
    "Lib/site-packages/pkg_resources/_vendor/pyparsing.py",
    "Lib/site-packages/pkg_resources/_vendor/pyparsing.pyc",
    "Lib/site-packages/pkg_resources/_vendor/six.py",
    "Lib/site-packages/pkg_resources/_vendor/six.pyc",
    "Lib/site-packages/pkg_resources/extern/__init__.py",
    "Lib/site-packages/pkg_resources/extern/__init__.pyc",
    "Lib/site-packages/pkg_resources/py31compat.py",
    "Lib/site-packages/pkg_resources/py31compat.pyc",
    "Lib/site-packages/setuptools-39.2.0-py2.7.egg-info/PKG-INFO",
    "Lib/site-packages/setuptools-39.2.0-py2.7.egg-info/SOURCES.txt",
    "Lib/site-packages/setuptools-39.2.0-py2.7.egg-info/dependency_links.txt",
    "Lib/site-packages/setuptools-39.2.0-py2.7.egg-info/entry_points.txt",
    "Lib/site-packages/setuptools-39.2.0-py2.7.egg-info/top_level.txt",
    "Lib/site-packages/setuptools-39.2.0-py2.7.egg-info/zip-safe",
    "Lib/site-packages/setuptools/__init__.py",
    "Lib/site-packages/setuptools/__init__.pyc",
    "Lib/site-packages/setuptools/_vendor/__init__.py",
    "Lib/site-packages/setuptools/_vendor/__init__.pyc",
    "Lib/site-packages/setuptools/_vendor/packaging/__about__.py",
    "Lib/site-packages/setuptools/_vendor/packaging/__about__.pyc",
    "Lib/site-packages/setuptools/_vendor/packaging/__init__.py",
    "Lib/site-packages/setuptools/_vendor/packaging/__init__.pyc",
    "Lib/site-packages/setuptools/_vendor/packaging/_compat.py",
    "Lib/site-packages/setuptools/_vendor/packaging/_compat.pyc",
    "Lib/site-packages/setuptools/_vendor/packaging/_structures.py",
    "Lib/site-packages/setuptools/_vendor/packaging/_structures.pyc",
    "Lib/site-packages/setuptools/_vendor/packaging/markers.py",
    "Lib/site-packages/setuptools/_vendor/packaging/markers.pyc",
    "Lib/site-packages/setuptools/_vendor/packaging/requirements.py",
    "Lib/site-packages/setuptools/_vendor/packaging/requirements.pyc",
    "Lib/site-packages/setuptools/_vendor/packaging/specifiers.py",
    "Lib/site-packages/setuptools/_vendor/packaging/specifiers.pyc",
    "Lib/site-packages/setuptools/_vendor/packaging/utils.py",
    "Lib/site-packages/setuptools/_vendor/packaging/utils.pyc",
    "Lib/site-packages/setuptools/_vendor/packaging/version.py",
    "Lib/site-packages/setuptools/_vendor/packaging/version.pyc",
    "Lib/site-packages/setuptools/_vendor/pyparsing.py",
    "Lib/site-packages/setuptools/_vendor/pyparsing.pyc",
    "Lib/site-packages/setuptools/_vendor/six.py",
    "Lib/site-packages/setuptools/_vendor/six.pyc",
    "Lib/site-packages/setuptools/archive_util.py",
    "Lib/site-packages/setuptools/archive_util.pyc",
    "Lib/site-packages/setuptools/build_meta.py",
    "Lib/site-packages/setuptools/build_meta.pyc",
    "Lib/site-packages/setuptools/cli-32.exe",
    "Lib/site-packages/setuptools/cli-64.exe",
    "Lib/site-packages/setuptools/cli.exe",
    "Lib/site-packages/setuptools/command/__init__.py",
    "Lib/site-packages/setuptools/command/__init__.pyc",
    "Lib/site-packages/setuptools/command/alias.py",
    "Lib/site-packages/setuptools/command/alias.pyc",
    "Lib/site-packages/setuptools/command/bdist_egg.py",
    "Lib/site-packages/setuptools/command/bdist_egg.pyc",
    "Lib/site-packages/setuptools/command/bdist_rpm.py",
    "Lib/site-packages/setuptools/command/bdist_rpm.pyc",
    "Lib/site-packages/setuptools/command/bdist_wininst.py",
    "Lib/site-packages/setuptools/command/bdist_wininst.pyc",
    "Lib/site-packages/setuptools/command/build_clib.py",
    "Lib/site-packages/setuptools/command/build_clib.pyc",
    "Lib/site-packages/setuptools/command/build_ext.py",
    "Lib/site-packages/setuptools/command/build_ext.pyc",
    "Lib/site-packages/setuptools/command/build_py.py",
    "Lib/site-packages/setuptools/command/build_py.pyc",
    "Lib/site-packages/setuptools/command/develop.py",
    "Lib/site-packages/setuptools/command/develop.pyc",
    "Lib/site-packages/setuptools/command/dist_info.py",
    "Lib/site-packages/setuptools/command/dist_info.pyc",
    "Lib/site-packages/setuptools/command/easy_install.py",
    "Lib/site-packages/setuptools/command/easy_install.pyc",
    "Lib/site-packages/setuptools/command/egg_info.py",
    "Lib/site-packages/setuptools/command/egg_info.pyc",
    "Lib/site-packages/setuptools/command/install.py",
    "Lib/site-packages/setuptools/command/install.pyc",
    "Lib/site-packages/setuptools/command/install_egg_info.py",
    "Lib/site-packages/setuptools/command/install_egg_info.pyc",
    "Lib/site-packages/setuptools/command/install_lib.py",
    "Lib/site-packages/setuptools/command/install_lib.pyc",
    "Lib/site-packages/setuptools/command/install_scripts.py",
    "Lib/site-packages/setuptools/command/install_scripts.pyc",
    "Lib/site-packages/setuptools/command/launcher manifest.xml",
    "Lib/site-packages/setuptools/command/py36compat.py",
    "Lib/site-packages/setuptools/command/py36compat.pyc",
    "Lib/site-packages/setuptools/command/register.py",
    "Lib/site-packages/setuptools/command/register.pyc",
    "Lib/site-packages/setuptools/command/rotate.py",
    "Lib/site-packages/setuptools/command/rotate.pyc",
    "Lib/site-packages/setuptools/command/saveopts.py",
    "Lib/site-packages/setuptools/command/saveopts.pyc",
    "Lib/site-packages/setuptools/command/sdist.py",
    "Lib/site-packages/setuptools/command/sdist.pyc",
    "Lib/site-packages/setuptools/command/setopt.py",
    "Lib/site-packages/setuptools/command/setopt.pyc",
    "Lib/site-packages/setuptools/command/test.py",
    "Lib/site-packages/setuptools/command/test.pyc",
    "Lib/site-packages/setuptools/command/upload.py",
    "Lib/site-packages/setuptools/command/upload.pyc",
    "Lib/site-packages/setuptools/command/upload_docs.py",
    "Lib/site-packages/setuptools/command/upload_docs.pyc",
    "Lib/site-packages/setuptools/config.py",
    "Lib/site-packages/setuptools/config.pyc",
    "Lib/site-packages/setuptools/dep_util.py",
    "Lib/site-packages/setuptools/dep_util.pyc",
    "Lib/site-packages/setuptools/depends.py",
    "Lib/site-packages/setuptools/depends.pyc",
    "Lib/site-packages/setuptools/dist.py",
    "Lib/site-packages/setuptools/dist.pyc",
    "Lib/site-packages/setuptools/extension.py",
    "Lib/site-packages/setuptools/extension.pyc",
    "Lib/site-packages/setuptools/extern/__init__.py",
    "Lib/site-packages/setuptools/extern/__init__.pyc",
    "Lib/site-packages/setuptools/glibc.py",
    "Lib/site-packages/setuptools/glibc.pyc",
    "Lib/site-packages/setuptools/glob.py",
    "Lib/site-packages/setuptools/glob.pyc",
    "Lib/site-packages/setuptools/gui-32.exe",
    "Lib/site-packages/setuptools/gui-64.exe",
    "Lib/site-packages/setuptools/gui.exe",
    "Lib/site-packages/setuptools/launch.py",
    "Lib/site-packages/setuptools/launch.pyc",
    "Lib/site-packages/setuptools/lib2to3_ex.py",
    "Lib/site-packages/setuptools/lib2to3_ex.pyc",
    "Lib/site-packages/setuptools/monkey.py",
    "Lib/site-packages/setuptools/monkey.pyc",
    "Lib/site-packages/setuptools/msvc.py",
    "Lib/site-packages/setuptools/msvc.pyc",
    "Lib/site-packages/setuptools/namespaces.py",
    "Lib/site-packages/setuptools/namespaces.pyc",
    "Lib/site-packages/setuptools/package_index.py",
    "Lib/site-packages/setuptools/package_index.pyc",
    "Lib/site-packages/setuptools/pep425tags.py",
    "Lib/site-packages/setuptools/pep425tags.pyc",
    "Lib/site-packages/setuptools/py27compat.py",
    "Lib/site-packages/setuptools/py27compat.pyc",
    "Lib/site-packages/setuptools/py31compat.py",
    "Lib/site-packages/setuptools/py31compat.pyc",
    "Lib/site-packages/setuptools/py33compat.py",
    "Lib/site-packages/setuptools/py33compat.pyc",
    "Lib/site-packages/setuptools/py36compat.py",
    "Lib/site-packages/setuptools/py36compat.pyc",
    "Lib/site-packages/setuptools/sandbox.py",
    "Lib/site-packages/setuptools/sandbox.pyc",
    "Lib/site-packages/setuptools/script (dev).tmpl",
    "Lib/site-packages/setuptools/script.tmpl",
    "Lib/site-packages/setuptools/site-patch.py",
    "Lib/site-packages/setuptools/site-patch.pyc",
    "Lib/site-packages/setuptools/ssl_support.py",
    "Lib/site-packages/setuptools/ssl_support.pyc",
    "Lib/site-packages/setuptools/unicode_utils.py",
    "Lib/site-packages/setuptools/unicode_utils.pyc",
    "Lib/site-packages/setuptools/version.py",
    "Lib/site-packages/setuptools/version.pyc",
    "Lib/site-packages/setuptools/wheel.py",
    "Lib/site-packages/setuptools/wheel.pyc",
    "Lib/site-packages/setuptools/windows_support.py",
    "Lib/site-packages/setuptools/windows_support.pyc",
    "Scripts/easy_install-script.py",
    "Scripts/easy_install.exe",
    "Scripts/easy_install.exe.manifest"
  ],
  "fn": "setuptools-39.2.0-py27_0.tar.bz2",
  "license": "MIT",
  "license_family": "MIT",
  "link": {
    "source": "C:\\Users\\Administrator\\Anaconda3\\pkgs32\\setuptools-39.2.0-py27_0",
    "type": 1
  },
  "md5": "f172bcc47c452481ee8c9bcdc71691f9",
  "name": "setuptools",
  "package_tarball_full_path": "C:\\Users\\Administrator\\Anaconda3\\pkgs32\\setuptools-39.2.0-py27_0.tar.bz2",
  "paths_data": {
    "paths": [
      {
        "_path": "Lib/site-packages/easy_install.py",
        "path_type": "hardlink",
        "sha256": "3030bdbede40c43b175f9a9c2a5073d939d6e93a6ebff0286e77e1089f57dcf3",
        "sha256_in_prefix": "3030bdbede40c43b175f9a9c2a5073d939d6e93a6ebff0286e77e1089f57dcf3",
        "size_in_bytes": 126
      },
      {
        "_path": "Lib/site-packages/easy_install.pyc",
        "path_type": "hardlink",
        "sha256": "26e090fc16357abd3191ba958cd0cd6c9ac1c62ad8174a6ea3a2407b1205cb6f",
        "sha256_in_prefix": "26e090fc16357abd3191ba958cd0cd6c9ac1c62ad8174a6ea3a2407b1205cb6f",
        "size_in_bytes": 300
      },
      {
        "_path": "Lib/site-packages/pkg_resources/__init__.py",
        "path_type": "hardlink",
        "sha256": "0fa0c61472335671be0725258aa66ec3776407771c13acf98dd8432456a9d766",
        "sha256_in_prefix": "0fa0c61472335671be0725258aa66ec3776407771c13acf98dd8432456a9d766",
        "size_in_bytes": 103822
      },
      {
        "_path": "Lib/site-packages/pkg_resources/__init__.pyc",
        "path_type": "hardlink",
        "sha256": "e5f4ce10151ad05197d410ea9d411c28ac62da1d60d0d47814e5262050151adb",
        "sha256_in_prefix": "e5f4ce10151ad05197d410ea9d411c28ac62da1d60d0d47814e5262050151adb",
        "size_in_bytes": 111609
      },
      {
        "_path": "Lib/site-packages/pkg_resources/_vendor/__init__.py",
        "path_type": "hardlink",
        "sha256": "e3b0c44298fc1c149afbf4c8996fb92427ae41e4649b934ca495991b7852b855",
        "sha256_in_prefix": "e3b0c44298fc1c149afbf4c8996fb92427ae41e4649b934ca495991b7852b855",
        "size_in_bytes": 0
      },
      {
        "_path": "Lib/site-packages/pkg_resources/_vendor/__init__.pyc",
        "path_type": "hardlink",
        "sha256": "a13707cb5d5f9790aec94e939077bc4a14c5a7ad62cce86773d295205fce9f66",
        "sha256_in_prefix": "a13707cb5d5f9790aec94e939077bc4a14c5a7ad62cce86773d295205fce9f66",
        "size_in_bytes": 138
      },
      {
        "_path": "Lib/site-packages/pkg_resources/_vendor/appdirs.py",
        "path_type": "hardlink",
        "sha256": "b6019a2f49b8268d957ae19fa0e3a27cbbfb6bba14109bb69f5bd192aa0fc3ed",
        "sha256_in_prefix": "b6019a2f49b8268d957ae19fa0e3a27cbbfb6bba14109bb69f5bd192aa0fc3ed",
        "size_in_bytes": 22374
      },
      {
        "_path": "Lib/site-packages/pkg_resources/_vendor/appdirs.pyc",
        "path_type": "hardlink",
        "sha256": "a573d4e4f3c5128ea985aeced8b5de1b4306b50b71c8b16a0bfb2143c8ab6320",
        "sha256_in_prefix": "a573d4e4f3c5128ea985aeced8b5de1b4306b50b71c8b16a0bfb2143c8ab6320",
        "size_in_bytes": 20551
      },
      {
        "_path": "Lib/site-packages/pkg_resources/_vendor/packaging/__about__.py",
        "path_type": "hardlink",
        "sha256": "ce47023d337fe9370b5b436b960d35efaf91d5043f5953d39bcb33d51e3e1e33",
        "sha256_in_prefix": "ce47023d337fe9370b5b436b960d35efaf91d5043f5953d39bcb33d51e3e1e33",
        "size_in_bytes": 720
      },
      {
        "_path": "Lib/site-packages/pkg_resources/_vendor/packaging/__about__.pyc",
        "path_type": "hardlink",
        "sha256": "4d718f264225b0f27aa01e1b3511e1167cb508639ac74bb6323cac1cfe7a08bc",
        "sha256_in_prefix": "4d718f264225b0f27aa01e1b3511e1167cb508639ac74bb6323cac1cfe7a08bc",
        "size_in_bytes": 777
      },
      {
        "_path": "Lib/site-packages/pkg_resources/_vendor/packaging/__init__.py",
        "path_type": "hardlink",
        "sha256": "fef35a7394ebcf0b2bcdb38521b17ee5c1ea73f63668f4f60fbceb211d3a04ea",
        "sha256_in_prefix": "fef35a7394ebcf0b2bcdb38521b17ee5c1ea73f63668f4f60fbceb211d3a04ea",
        "size_in_bytes": 513
      },
      {
        "_path": "Lib/site-packages/pkg_resources/_vendor/packaging/__init__.pyc",
        "path_type": "hardlink",
        "sha256": "880981593d372924a9269ed4f8fcfccf4323850f8b2e7a7316df93f1b3a45d72",
        "sha256_in_prefix": "880981593d372924a9269ed4f8fcfccf4323850f8b2e7a7316df93f1b3a45d72",
        "size_in_bytes": 599
      },
      {
        "_path": "Lib/site-packages/pkg_resources/_vendor/packaging/_compat.py",
        "path_type": "hardlink",
        "sha256": "562fc0d2b0107876d4f9af57d2db75c909bd46a92041b0d2c73470f16954f640",
        "sha256_in_prefix": "562fc0d2b0107876d4f9af57d2db75c909bd46a92041b0d2c73470f16954f640",
        "size_in_bytes": 860
      },
      {
        "_path": "Lib/site-packages/pkg_resources/_vendor/packaging/_compat.pyc",
        "path_type": "hardlink",
        "sha256": "136127b8691589f96def0bb61f4b740abe7b15f366a22370ea9c1fbf933e7f99",
        "sha256_in_prefix": "136127b8691589f96def0bb61f4b740abe7b15f366a22370ea9c1fbf933e7f99",
        "size_in_bytes": 1196
      },
      {
        "_path": "Lib/site-packages/pkg_resources/_vendor/packaging/_structures.py",
        "path_type": "hardlink",
        "sha256": "448984089e1cff04e5693618c1960b1c489e6c331a00998ad683c0461c354f9a",
        "sha256_in_prefix": "448984089e1cff04e5693618c1960b1c489e6c331a00998ad683c0461c354f9a",
        "size_in_bytes": 1416
      },
      {
        "_path": "Lib/site-packages/pkg_resources/_vendor/packaging/_structures.pyc",
        "path_type": "hardlink",
        "sha256": "36cf61108bf19d65142a8eef05a691ffcbd3c9ce23f5fa8d93d357194826af9d",
        "sha256_in_prefix": "36cf61108bf19d65142a8eef05a691ffcbd3c9ce23f5fa8d93d357194826af9d",
        "size_in_bytes": 3921
      },
      {
        "_path": "Lib/site-packages/pkg_resources/_vendor/packaging/markers.py",
        "path_type": "hardlink",
        "sha256": "b8470106d1afcea96d82702ba9bf5ce11adc2275decc32e8b35e336c11e1589a",
        "sha256_in_prefix": "b8470106d1afcea96d82702ba9bf5ce11adc2275decc32e8b35e336c11e1589a",
        "size_in_bytes": 8248
      },
      {
        "_path": "Lib/site-packages/pkg_resources/_vendor/packaging/markers.pyc",
        "path_type": "hardlink",
        "sha256": "68fa525c313340d38ccd33d93eeaae7eb11c483525133a1026e70b0cf574bb4c",
        "sha256_in_prefix": "68fa525c313340d38ccd33d93eeaae7eb11c483525133a1026e70b0cf574bb4c",
        "size_in_bytes": 11542
      },
      {
        "_path": "Lib/site-packages/pkg_resources/_vendor/packaging/requirements.py",
        "path_type": "hardlink",
        "sha256": "4a290bd94ca76ec4f4aad63d96daa78277616bfb1fa34c3a5c6161021a12a1a4",
        "sha256_in_prefix": "4a290bd94ca76ec4f4aad63d96daa78277616bfb1fa34c3a5c6161021a12a1a4",
        "size_in_bytes": 4355
      },
      {
        "_path": "Lib/site-packages/pkg_resources/_vendor/packaging/requirements.pyc",
        "path_type": "hardlink",
        "sha256": "e33817d2434fdf5a7915aa6312e41f7351037fe7b79c7c3b0487290d80c1368d",
        "sha256_in_prefix": "e33817d2434fdf5a7915aa6312e41f7351037fe7b79c7c3b0487290d80c1368d",
        "size_in_bytes": 5062
      },
      {
        "_path": "Lib/site-packages/pkg_resources/_vendor/packaging/specifiers.py",
        "path_type": "hardlink",
        "sha256": "4803117abcceddf2b622415909a664bb065a2ff106a8734ecf8a678b8be19cdd",
        "sha256_in_prefix": "4803117abcceddf2b622415909a664bb065a2ff106a8734ecf8a678b8be19cdd",
        "size_in_bytes": 28025
      },
      {
        "_path": "Lib/site-packages/pkg_resources/_vendor/packaging/specifiers.pyc",
        "path_type": "hardlink",
        "sha256": "bcedb8aef2e75c5c80f5e211605f9161477b1bf4b84405866ec734da4da02b84",
        "sha256_in_prefix": "bcedb8aef2e75c5c80f5e211605f9161477b1bf4b84405866ec734da4da02b84",
        "size_in_bytes": 24475
      },
      {
        "_path": "Lib/site-packages/pkg_resources/_vendor/packaging/utils.py",
        "path_type": "hardlink",
        "sha256": "de6e96bcf9ba34dc44f2b9131a69f4afbe41fc66521a0ee291a7f11ec04dd560",
        "sha256_in_prefix": "de6e96bcf9ba34dc44f2b9131a69f4afbe41fc66521a0ee291a7f11ec04dd560",
        "size_in_bytes": 421
      },
      {
        "_path": "Lib/site-packages/pkg_resources/_vendor/packaging/utils.pyc",
        "path_type": "hardlink",
        "sha256": "d2f510610fe3b0374d3a22d0245a3504a2e4e50b8cd6c971101533a526ac06e0",
        "sha256_in_prefix": "d2f510610fe3b0374d3a22d0245a3504a2e4e50b8cd6c971101533a526ac06e0",
        "size_in_bytes": 570
      },
      {
        "_path": "Lib/site-packages/pkg_resources/_vendor/packaging/version.py",
        "path_type": "hardlink",
        "sha256": "3b01a7c587ebda084dcd8c79f6a588064acadd29c1ea7f997ddd5768ba679ccd",
        "sha256_in_prefix": "3b01a7c587ebda084dcd8c79f6a588064acadd29c1ea7f997ddd5768ba679ccd",
        "size_in_bytes": 11556
      },
      {
        "_path": "Lib/site-packages/pkg_resources/_vendor/packaging/version.pyc",
        "path_type": "hardlink",
        "sha256": "e3f3d9eb95985ae790ebf4a4b6d363915f2e3c98a85862d323b95b4311fd84c5",
        "sha256_in_prefix": "e3f3d9eb95985ae790ebf4a4b6d363915f2e3c98a85862d323b95b4311fd84c5",
        "size_in_bytes": 13854
      },
      {
        "_path": "Lib/site-packages/pkg_resources/_vendor/pyparsing.py",
        "path_type": "hardlink",
        "sha256": "3e27de2d8dfe5a121c055ccbb6fd14e13fe9c03b4faee061042920e6f2ea6b6f",
        "sha256_in_prefix": "3e27de2d8dfe5a121c055ccbb6fd14e13fe9c03b4faee061042920e6f2ea6b6f",
        "size_in_bytes": 229867
      },
      {
        "_path": "Lib/site-packages/pkg_resources/_vendor/pyparsing.pyc",
        "path_type": "hardlink",
        "sha256": "706efd59538d030381e2bd74cd90908dfd547884415489625859a10a325507e4",
        "sha256_in_prefix": "706efd59538d030381e2bd74cd90908dfd547884415489625859a10a325507e4",
        "size_in_bytes": 227934
      },
      {
        "_path": "Lib/site-packages/pkg_resources/_vendor/six.py",
        "path_type": "hardlink",
        "sha256": "03a85d259563237b7f81e79b67d07352fc11ac85e8d257f0cd094cd8b70ac9ab",
        "sha256_in_prefix": "03a85d259563237b7f81e79b67d07352fc11ac85e8d257f0cd094cd8b70ac9ab",
        "size_in_bytes": 30098
      },
      {
        "_path": "Lib/site-packages/pkg_resources/_vendor/six.pyc",
        "path_type": "hardlink",
        "sha256": "e556b8a90f45c6d8b47de6f21a21dbc20425451e5804b5e86a35bb2c4f59bafc",
        "sha256_in_prefix": "e556b8a90f45c6d8b47de6f21a21dbc20425451e5804b5e86a35bb2c4f59bafc",
        "size_in_bytes": 30669
      },
      {
        "_path": "Lib/site-packages/pkg_resources/extern/__init__.py",
        "path_type": "hardlink",
        "sha256": "254b651c7be5c4748db81e295aa363731ee7ea41be7f05e0eea989db33499486",
        "sha256_in_prefix": "254b651c7be5c4748db81e295aa363731ee7ea41be7f05e0eea989db33499486",
        "size_in_bytes": 2487
      },
      {
        "_path": "Lib/site-packages/pkg_resources/extern/__init__.pyc",
        "path_type": "hardlink",
        "sha256": "6d962aada38c4c62b3a4dc1bd768b83cb64cfa311021caf805a77c8653be362a",
        "sha256_in_prefix": "6d962aada38c4c62b3a4dc1bd768b83cb64cfa311021caf805a77c8653be362a",
        "size_in_bytes": 2836
      },
      {
        "_path": "Lib/site-packages/pkg_resources/py31compat.py",
        "path_type": "hardlink",
        "sha256": "fb2b15aa8c4b7ad0272fde2e33490792898a4130b52592cdd99523a9484c78a1",
        "sha256_in_prefix": "fb2b15aa8c4b7ad0272fde2e33490792898a4130b52592cdd99523a9484c78a1",
        "size_in_bytes": 600
      },
      {
        "_path": "Lib/site-packages/pkg_resources/py31compat.pyc",
        "path_type": "hardlink",
        "sha256": "e1749726cef13838758060491a9594193c24f6d0becdf626b270de26d664c56f",
        "sha256_in_prefix": "e1749726cef13838758060491a9594193c24f6d0becdf626b270de26d664c56f",
        "size_in_bytes": 782
      },
      {
        "_path": "Lib/site-packages/setuptools-39.2.0-py2.7.egg-info/PKG-INFO",
        "path_type": "hardlink",
        "sha256": "dc17d9b678dcf113d68da94bd618578ad20351f9f8406634ddb6af1cd4590a9d",
        "sha256_in_prefix": "dc17d9b678dcf113d68da94bd618578ad20351f9f8406634ddb6af1cd4590a9d",
        "size_in_bytes": 3184
      },
      {
        "_path": "Lib/site-packages/setuptools-39.2.0-py2.7.egg-info/SOURCES.txt",
        "path_type": "hardlink",
        "sha256": "6b3c9a526249dd4f9fd161658f8e671526cdea99dea9cfdd63a817007008d532",
        "sha256_in_prefix": "6b3c9a526249dd4f9fd161658f8e671526cdea99dea9cfdd63a817007008d532",
        "size_in_bytes": 6344
      },
      {
        "_path": "Lib/site-packages/setuptools-39.2.0-py2.7.egg-info/dependency_links.txt",
        "path_type": "hardlink",
        "sha256": "01ba4719c80b6fe911b091a7c05124b64eeece964e09c058ef8f9805daca546b",
        "sha256_in_prefix": "01ba4719c80b6fe911b091a7c05124b64eeece964e09c058ef8f9805daca546b",
        "size_in_bytes": 1
      },
      {
        "_path": "Lib/site-packages/setuptools-39.2.0-py2.7.egg-info/entry_points.txt",
        "path_type": "hardlink",
        "sha256": "b3889b4ebe7fbfffae5ae79e9a0addccb5082ff6a078e32ab200802990e46361",
        "sha256_in_prefix": "b3889b4ebe7fbfffae5ae79e9a0addccb5082ff6a078e32ab200802990e46361",
        "size_in_bytes": 2934
      },
      {
        "_path": "Lib/site-packages/setuptools-39.2.0-py2.7.egg-info/top_level.txt",
        "path_type": "hardlink",
        "sha256": "d87517555c00e0f7dfd7181316bdc6b135d729a3da3babe51baa0d27fe2ee138",
        "sha256_in_prefix": "d87517555c00e0f7dfd7181316bdc6b135d729a3da3babe51baa0d27fe2ee138",
        "size_in_bytes": 38
      },
      {
        "_path": "Lib/site-packages/setuptools-39.2.0-py2.7.egg-info/zip-safe",
        "path_type": "hardlink",
        "sha256": "01ba4719c80b6fe911b091a7c05124b64eeece964e09c058ef8f9805daca546b",
        "sha256_in_prefix": "01ba4719c80b6fe911b091a7c05124b64eeece964e09c058ef8f9805daca546b",
        "size_in_bytes": 1
      },
      {
        "_path": "Lib/site-packages/setuptools/__init__.py",
        "path_type": "hardlink",
        "sha256": "59621d09b1499d9f5f6686960cdff1d6f0c0fd1926f92735e622af3ed218285b",
        "sha256_in_prefix": "59621d09b1499d9f5f6686960cdff1d6f0c0fd1926f92735e622af3ed218285b",
        "size_in_bytes": 5700
      },
      {
        "_path": "Lib/site-packages/setuptools/__init__.pyc",
        "path_type": "hardlink",
        "sha256": "b477fd1f9f047becf67c20da62f0c4a7baca4a068373922351289e452a92afa8",
        "sha256_in_prefix": "b477fd1f9f047becf67c20da62f0c4a7baca4a068373922351289e452a92afa8",
        "size_in_bytes": 7340
      },
      {
        "_path": "Lib/site-packages/setuptools/_vendor/__init__.py",
        "path_type": "hardlink",
        "sha256": "e3b0c44298fc1c149afbf4c8996fb92427ae41e4649b934ca495991b7852b855",
        "sha256_in_prefix": "e3b0c44298fc1c149afbf4c8996fb92427ae41e4649b934ca495991b7852b855",
        "size_in_bytes": 0
      },
      {
        "_path": "Lib/site-packages/setuptools/_vendor/__init__.pyc",
        "path_type": "hardlink",
        "sha256": "6d4052d6a167b9025e7abddb802ced838a40281da93e98204809f132d941a457",
        "sha256_in_prefix": "6d4052d6a167b9025e7abddb802ced838a40281da93e98204809f132d941a457",
        "size_in_bytes": 135
      },
      {
        "_path": "Lib/site-packages/setuptools/_vendor/packaging/__about__.py",
        "path_type": "hardlink",
        "sha256": "ce47023d337fe9370b5b436b960d35efaf91d5043f5953d39bcb33d51e3e1e33",
        "sha256_in_prefix": "ce47023d337fe9370b5b436b960d35efaf91d5043f5953d39bcb33d51e3e1e33",
        "size_in_bytes": 720
      },
      {
        "_path": "Lib/site-packages/setuptools/_vendor/packaging/__about__.pyc",
        "path_type": "hardlink",
        "sha256": "daf27925a9a3f0c45a9d50ddcf1af5b74308462ec5557ad52ef8e040428ffdd3",
        "sha256_in_prefix": "daf27925a9a3f0c45a9d50ddcf1af5b74308462ec5557ad52ef8e040428ffdd3",
        "size_in_bytes": 774
      },
      {
        "_path": "Lib/site-packages/setuptools/_vendor/packaging/__init__.py",
        "path_type": "hardlink",
        "sha256": "fef35a7394ebcf0b2bcdb38521b17ee5c1ea73f63668f4f60fbceb211d3a04ea",
        "sha256_in_prefix": "fef35a7394ebcf0b2bcdb38521b17ee5c1ea73f63668f4f60fbceb211d3a04ea",
        "size_in_bytes": 513
      },
      {
        "_path": "Lib/site-packages/setuptools/_vendor/packaging/__init__.pyc",
        "path_type": "hardlink",
        "sha256": "18ec5f623c82096afb01241ea4b5e565acf4e1fd0d81adc96816cbb4ca1699ac",
        "sha256_in_prefix": "18ec5f623c82096afb01241ea4b5e565acf4e1fd0d81adc96816cbb4ca1699ac",
        "size_in_bytes": 596
      },
      {
        "_path": "Lib/site-packages/setuptools/_vendor/packaging/_compat.py",
        "path_type": "hardlink",
        "sha256": "562fc0d2b0107876d4f9af57d2db75c909bd46a92041b0d2c73470f16954f640",
        "sha256_in_prefix": "562fc0d2b0107876d4f9af57d2db75c909bd46a92041b0d2c73470f16954f640",
        "size_in_bytes": 860
      },
      {
        "_path": "Lib/site-packages/setuptools/_vendor/packaging/_compat.pyc",
        "path_type": "hardlink",
        "sha256": "6f8fa91f46e01760a35f32d62035091563aa09cf3312eeb85d9769dbf0d46b94",
        "sha256_in_prefix": "6f8fa91f46e01760a35f32d62035091563aa09cf3312eeb85d9769dbf0d46b94",
        "size_in_bytes": 1184
      },
      {
        "_path": "Lib/site-packages/setuptools/_vendor/packaging/_structures.py",
        "path_type": "hardlink",
        "sha256": "448984089e1cff04e5693618c1960b1c489e6c331a00998ad683c0461c354f9a",
        "sha256_in_prefix": "448984089e1cff04e5693618c1960b1c489e6c331a00998ad683c0461c354f9a",
        "size_in_bytes": 1416
      },
      {
        "_path": "Lib/site-packages/setuptools/_vendor/packaging/_structures.pyc",
        "path_type": "hardlink",
        "sha256": "c07e4fb56ea79929e99895d7d8bac331381a19f4ad25ac70957c05fa75b1f117",
        "sha256_in_prefix": "c07e4fb56ea79929e99895d7d8bac331381a19f4ad25ac70957c05fa75b1f117",
        "size_in_bytes": 3858
      },
      {
        "_path": "Lib/site-packages/setuptools/_vendor/packaging/markers.py",
        "path_type": "hardlink",
        "sha256": "1afa64f44636d3229a31388a81067cc85104a6876a560558b5f7a4a2273562db",
        "sha256_in_prefix": "1afa64f44636d3229a31388a81067cc85104a6876a560558b5f7a4a2273562db",
        "size_in_bytes": 8239
      },
      {
        "_path": "Lib/site-packages/setuptools/_vendor/packaging/markers.pyc",
        "path_type": "hardlink",
        "sha256": "527c7e6a78e669596e4ea0e0fbc27f15a5883320ac13992722a5bc1a19eff51b",
        "sha256_in_prefix": "527c7e6a78e669596e4ea0e0fbc27f15a5883320ac13992722a5bc1a19eff51b",
        "size_in_bytes": 11434
      },
      {
        "_path": "Lib/site-packages/setuptools/_vendor/packaging/requirements.py",
        "path_type": "hardlink",
        "sha256": "b78e0cd87556b6bf29848cf63a19c82f3b864f7ad30136a8bdcb55d5da675488",
        "sha256_in_prefix": "b78e0cd87556b6bf29848cf63a19c82f3b864f7ad30136a8bdcb55d5da675488",
        "size_in_bytes": 4343
      },
      {
        "_path": "Lib/site-packages/setuptools/_vendor/packaging/requirements.pyc",
        "path_type": "hardlink",
        "sha256": "e644170eff24b291df800cc27d907a38a48b92da38c8860dd71a1038f0c56af2",
        "sha256_in_prefix": "e644170eff24b291df800cc27d907a38a48b92da38c8860dd71a1038f0c56af2",
        "size_in_bytes": 5029
      },
      {
        "_path": "Lib/site-packages/setuptools/_vendor/packaging/specifiers.py",
        "path_type": "hardlink",
        "sha256": "4803117abcceddf2b622415909a664bb065a2ff106a8734ecf8a678b8be19cdd",
        "sha256_in_prefix": "4803117abcceddf2b622415909a664bb065a2ff106a8734ecf8a678b8be19cdd",
        "size_in_bytes": 28025
      },
      {
        "_path": "Lib/site-packages/setuptools/_vendor/packaging/specifiers.pyc",
        "path_type": "hardlink",
        "sha256": "7d97649bb2fdcd5025e2ba8c11d3c37da5c6700a6480be8844ccdc50dc2ac52d",
        "sha256_in_prefix": "7d97649bb2fdcd5025e2ba8c11d3c37da5c6700a6480be8844ccdc50dc2ac52d",
        "size_in_bytes": 24262
      },
      {
        "_path": "Lib/site-packages/setuptools/_vendor/packaging/utils.py",
        "path_type": "hardlink",
        "sha256": "de6e96bcf9ba34dc44f2b9131a69f4afbe41fc66521a0ee291a7f11ec04dd560",
        "sha256_in_prefix": "de6e96bcf9ba34dc44f2b9131a69f4afbe41fc66521a0ee291a7f11ec04dd560",
        "size_in_bytes": 421
      },
      {
        "_path": "Lib/site-packages/setuptools/_vendor/packaging/utils.pyc",
        "path_type": "hardlink",
        "sha256": "20b525b39a5f12a4c32b6b8d04a2a1d4cab620739caf9ecbfa4920ff8147c5f7",
        "sha256_in_prefix": "20b525b39a5f12a4c32b6b8d04a2a1d4cab620739caf9ecbfa4920ff8147c5f7",
        "size_in_bytes": 564
      },
      {
        "_path": "Lib/site-packages/setuptools/_vendor/packaging/version.py",
        "path_type": "hardlink",
        "sha256": "3b01a7c587ebda084dcd8c79f6a588064acadd29c1ea7f997ddd5768ba679ccd",
        "sha256_in_prefix": "3b01a7c587ebda084dcd8c79f6a588064acadd29c1ea7f997ddd5768ba679ccd",
        "size_in_bytes": 11556
      },
      {
        "_path": "Lib/site-packages/setuptools/_vendor/packaging/version.pyc",
        "path_type": "hardlink",
        "sha256": "d41260edb346d903d702141979f7d8f0abb362a5e61713b71847900d0c9d8100",
        "sha256_in_prefix": "d41260edb346d903d702141979f7d8f0abb362a5e61713b71847900d0c9d8100",
        "size_in_bytes": 13707
      },
      {
        "_path": "Lib/site-packages/setuptools/_vendor/pyparsing.py",
        "path_type": "hardlink",
        "sha256": "3e27de2d8dfe5a121c055ccbb6fd14e13fe9c03b4faee061042920e6f2ea6b6f",
        "sha256_in_prefix": "3e27de2d8dfe5a121c055ccbb6fd14e13fe9c03b4faee061042920e6f2ea6b6f",
        "size_in_bytes": 229867
      },
      {
        "_path": "Lib/site-packages/setuptools/_vendor/pyparsing.pyc",
        "path_type": "hardlink",
        "sha256": "720bea84d26aecc41fdd85d387f07f52301623457666d392b02204426068bbfd",
        "sha256_in_prefix": "720bea84d26aecc41fdd85d387f07f52301623457666d392b02204426068bbfd",
        "size_in_bytes": 226632
      },
      {
        "_path": "Lib/site-packages/setuptools/_vendor/six.py",
        "path_type": "hardlink",
        "sha256": "03a85d259563237b7f81e79b67d07352fc11ac85e8d257f0cd094cd8b70ac9ab",
        "sha256_in_prefix": "03a85d259563237b7f81e79b67d07352fc11ac85e8d257f0cd094cd8b70ac9ab",
        "size_in_bytes": 30098
      },
      {
        "_path": "Lib/site-packages/setuptools/_vendor/six.pyc",
        "path_type": "hardlink",
        "sha256": "9228a8f287397b15ad80dbdb1e947f26fafc4c681950405b09cbd03892a35ae5",
        "sha256_in_prefix": "9228a8f287397b15ad80dbdb1e947f26fafc4c681950405b09cbd03892a35ae5",
        "size_in_bytes": 30432
      },
      {
        "_path": "Lib/site-packages/setuptools/archive_util.py",
        "path_type": "hardlink",
        "sha256": "930f086ff94a8c27273ca35b4bb87c1f3b5154ad1de5169c537aff2917559e63",
        "sha256_in_prefix": "930f086ff94a8c27273ca35b4bb87c1f3b5154ad1de5169c537aff2917559e63",
        "size_in_bytes": 6592
      },
      {
        "_path": "Lib/site-packages/setuptools/archive_util.pyc",
        "path_type": "hardlink",
        "sha256": "edbc748b60de9ef941617d46ed009a2d4c0091244f6ddc7524fd2753e6ae5f22",
        "sha256_in_prefix": "edbc748b60de9ef941617d46ed009a2d4c0091244f6ddc7524fd2753e6ae5f22",
        "size_in_bytes": 6022
      },
      {
        "_path": "Lib/site-packages/setuptools/build_meta.py",
        "path_type": "hardlink",
        "sha256": "16595a293af5bd22728947918d5244666784691ce162e78d9629ad7306896daf",
        "sha256_in_prefix": "16595a293af5bd22728947918d5244666784691ce162e78d9629ad7306896daf",
        "size_in_bytes": 5671
      },
      {
        "_path": "Lib/site-packages/setuptools/build_meta.pyc",
        "path_type": "hardlink",
        "sha256": "fe76cf88e8018f13d04e7dbaf9aa8ed5990131681d26ab36258801770735a33c",
        "sha256_in_prefix": "fe76cf88e8018f13d04e7dbaf9aa8ed5990131681d26ab36258801770735a33c",
        "size_in_bytes": 6414
      },
      {
        "_path": "Lib/site-packages/setuptools/cli-32.exe",
        "path_type": "hardlink",
        "sha256": "75f12ea2f30d9c0d872dade345f30f562e6d93847b6a509ba53beec6d0b2c346",
        "sha256_in_prefix": "75f12ea2f30d9c0d872dade345f30f562e6d93847b6a509ba53beec6d0b2c346",
        "size_in_bytes": 65536
      },
      {
        "_path": "Lib/site-packages/setuptools/cli-64.exe",
        "path_type": "hardlink",
        "sha256": "28b001bb9a72ae7a24242bfab248d767a1ac5dec981c672a3944f7a072375e9a",
        "sha256_in_prefix": "28b001bb9a72ae7a24242bfab248d767a1ac5dec981c672a3944f7a072375e9a",
        "size_in_bytes": 74752
      },
      {
        "_path": "Lib/site-packages/setuptools/cli.exe",
        "path_type": "hardlink",
        "sha256": "75f12ea2f30d9c0d872dade345f30f562e6d93847b6a509ba53beec6d0b2c346",
        "sha256_in_prefix": "75f12ea2f30d9c0d872dade345f30f562e6d93847b6a509ba53beec6d0b2c346",
        "size_in_bytes": 65536
      },
      {
        "_path": "Lib/site-packages/setuptools/command/__init__.py",
        "path_type": "hardlink",
        "sha256": "356cc9d00d4111e9e066955ea94c962cd9b66e4e0fdc5e222f941412b1f2ee40",
        "sha256_in_prefix": "356cc9d00d4111e9e066955ea94c962cd9b66e4e0fdc5e222f941412b1f2ee40",
        "size_in_bytes": 594
      },
      {
        "_path": "Lib/site-packages/setuptools/command/__init__.pyc",
        "path_type": "hardlink",
        "sha256": "702985cbcdafba3ad022ce7f86eca7efedaf18e704ced4aca27cf54c84c9a50a",
        "sha256_in_prefix": "702985cbcdafba3ad022ce7f86eca7efedaf18e704ced4aca27cf54c84c9a50a",
        "size_in_bytes": 867
      },
      {
        "_path": "Lib/site-packages/setuptools/command/alias.py",
        "path_type": "hardlink",
        "sha256": "2a3a44d2ccff483207bf77e965c2102beb02909cfe4ab0ba1a6ba0e9bf4d91cf",
        "sha256_in_prefix": "2a3a44d2ccff483207bf77e965c2102beb02909cfe4ab0ba1a6ba0e9bf4d91cf",
        "size_in_bytes": 2426
      },
      {
        "_path": "Lib/site-packages/setuptools/command/alias.pyc",
        "path_type": "hardlink",
        "sha256": "02158577938fa2da7d036026224e4ff23d2f7386eec264fbe5b19a3177161973",
        "sha256_in_prefix": "02158577938fa2da7d036026224e4ff23d2f7386eec264fbe5b19a3177161973",
        "size_in_bytes": 2993
      },
      {
        "_path": "Lib/site-packages/setuptools/command/bdist_egg.py",
        "path_type": "hardlink",
        "sha256": "450f61f019925695ca250493de2fdbfec9b4f7767e6825db7cc04433622b23e4",
        "sha256_in_prefix": "450f61f019925695ca250493de2fdbfec9b4f7767e6825db7cc04433622b23e4",
        "size_in_bytes": 18185
      },
      {
        "_path": "Lib/site-packages/setuptools/command/bdist_egg.pyc",
        "path_type": "hardlink",
        "sha256": "baf7feb665067a92328cf67450ea967742420c05c1c9b1d0ea1bbe7e2305dc6e",
        "sha256_in_prefix": "baf7feb665067a92328cf67450ea967742420c05c1c9b1d0ea1bbe7e2305dc6e",
        "size_in_bytes": 17998
      },
      {
        "_path": "Lib/site-packages/setuptools/command/bdist_rpm.py",
        "path_type": "hardlink",
        "sha256": "07b9744e7cc219bfb49cb966eab4b4d2358b9288c04b05667615b6c39433fc09",
        "sha256_in_prefix": "07b9744e7cc219bfb49cb966eab4b4d2358b9288c04b05667615b6c39433fc09",
        "size_in_bytes": 1508
      },
      {
        "_path": "Lib/site-packages/setuptools/command/bdist_rpm.pyc",
        "path_type": "hardlink",
        "sha256": "70aa136baf2ab627e46475d3b32a4ab219008bca24ca876a2e253ea1fedc9868",
        "sha256_in_prefix": "70aa136baf2ab627e46475d3b32a4ab219008bca24ca876a2e253ea1fedc9868",
        "size_in_bytes": 1854
      },
      {
        "_path": "Lib/site-packages/setuptools/command/bdist_wininst.py",
        "path_type": "hardlink",
        "sha256": "ffa773de5a41d6d636d342f128f2cceea8304c271e38c81a58517e8d6dbea66d",
        "sha256_in_prefix": "ffa773de5a41d6d636d342f128f2cceea8304c271e38c81a58517e8d6dbea66d",
        "size_in_bytes": 637
      },
      {
        "_path": "Lib/site-packages/setuptools/command/bdist_wininst.pyc",
        "path_type": "hardlink",
        "sha256": "1aaa47af95ad3b99690285eead45b5513c1dd2e6b2691597cfc2c2867dcc8da7",
        "sha256_in_prefix": "1aaa47af95ad3b99690285eead45b5513c1dd2e6b2691597cfc2c2867dcc8da7",
        "size_in_bytes": 1131
      },
      {
        "_path": "Lib/site-packages/setuptools/command/build_clib.py",
        "path_type": "hardlink",
        "sha256": "6d0f5a06bfb96523bef5f1ac1ac0cbcf49a79c5b5e1d46677ed54b921bc70ead",
        "sha256_in_prefix": "6d0f5a06bfb96523bef5f1ac1ac0cbcf49a79c5b5e1d46677ed54b921bc70ead",
        "size_in_bytes": 4484
      },
      {
        "_path": "Lib/site-packages/setuptools/command/build_clib.pyc",
        "path_type": "hardlink",
        "sha256": "4f927c3d6e8494996c81671d13fb41f54009e89c6fc142adb48ed3b09a2db0bc",
        "sha256_in_prefix": "4f927c3d6e8494996c81671d13fb41f54009e89c6fc142adb48ed3b09a2db0bc",
        "size_in_bytes": 2799
      },
      {
        "_path": "Lib/site-packages/setuptools/command/build_ext.py",
        "path_type": "hardlink",
        "sha256": "3c2440676c589eac84a1fec414db69298974b19cd3d2a74a50d4c7dec51d3ea9",
        "sha256_in_prefix": "3c2440676c589eac84a1fec414db69298974b19cd3d2a74a50d4c7dec51d3ea9",
        "size_in_bytes": 13173
      },
      {
        "_path": "Lib/site-packages/setuptools/command/build_ext.pyc",
        "path_type": "hardlink",
        "sha256": "9403d5558e5f7e385dfe6e20f0969304fc8712f55252fc9481d8f6ef8eb46297",
        "sha256_in_prefix": "9403d5558e5f7e385dfe6e20f0969304fc8712f55252fc9481d8f6ef8eb46297",
        "size_in_bytes": 12196
      },
      {
        "_path": "Lib/site-packages/setuptools/command/build_py.py",
        "path_type": "hardlink",
        "sha256": "c96c9869a4bd177a3d25b21cce7d3ae00e60d42e7f5222910f119a4ea61bb4b1",
        "sha256_in_prefix": "c96c9869a4bd177a3d25b21cce7d3ae00e60d42e7f5222910f119a4ea61bb4b1",
        "size_in_bytes": 9596
      },
      {
        "_path": "Lib/site-packages/setuptools/command/build_py.pyc",
        "path_type": "hardlink",
        "sha256": "9dd4094a730ab2b6d11194bbe18d511e03fb5ed3a97647e4dc5edd91f857f413",
        "sha256_in_prefix": "9dd4094a730ab2b6d11194bbe18d511e03fb5ed3a97647e4dc5edd91f857f413",
        "size_in_bytes": 10307
      },
      {
        "_path": "Lib/site-packages/setuptools/command/develop.py",
        "path_type": "hardlink",
        "sha256": "c0a6cec36fea52f703b62da5666b716c39986f9e3200089b131cd722f4e8cfe0",
        "sha256_in_prefix": "c0a6cec36fea52f703b62da5666b716c39986f9e3200089b131cd722f4e8cfe0",
        "size_in_bytes": 8046
      },
      {
        "_path": "Lib/site-packages/setuptools/command/develop.pyc",
        "path_type": "hardlink",
        "sha256": "3a9e63bcc6664e009b9fe3df2620506ac2f6969b967f4ba0ee6b17c5d393c088",
        "sha256_in_prefix": "3a9e63bcc6664e009b9fe3df2620506ac2f6969b967f4ba0ee6b17c5d393c088",
        "size_in_bytes": 7690
      },
      {
        "_path": "Lib/site-packages/setuptools/command/dist_info.py",
        "path_type": "hardlink",
        "sha256": "e6dea439fadd8002d3f8fde882cb3a3c5f64f8b7b27acb9ec9cba4ddd5326672",
        "sha256_in_prefix": "e6dea439fadd8002d3f8fde882cb3a3c5f64f8b7b27acb9ec9cba4ddd5326672",
        "size_in_bytes": 960
      },
      {
        "_path": "Lib/site-packages/setuptools/command/dist_info.pyc",
        "path_type": "hardlink",
        "sha256": "a51c804383ed97b60fe746721d1b3c7205c73a13d2f09db51592d839241d6b27",
        "sha256_in_prefix": "a51c804383ed97b60fe746721d1b3c7205c73a13d2f09db51592d839241d6b27",
        "size_in_bytes": 1724
      },
      {
        "_path": "Lib/site-packages/setuptools/command/easy_install.py",
        "path_type": "hardlink",
        "sha256": "1c0062e5dcada5697681b1a9e9ed0ebd2aeab1178cc58907da524933ef5d52a5",
        "sha256_in_prefix": "1c0062e5dcada5697681b1a9e9ed0ebd2aeab1178cc58907da524933ef5d52a5",
        "size_in_bytes": 87048
      },
      {
        "_path": "Lib/site-packages/setuptools/command/easy_install.pyc",
        "path_type": "hardlink",
        "sha256": "37705fc966fbbf3a910f85627e135fc02369365a9f2ae1590b9b48fc56ad077b",
        "sha256_in_prefix": "37705fc966fbbf3a910f85627e135fc02369365a9f2ae1590b9b48fc56ad077b",
        "size_in_bytes": 78396
      },
      {
        "_path": "Lib/site-packages/setuptools/command/egg_info.py",
        "path_type": "hardlink",
        "sha256": "ddbe58dedfdb97fcd94429269468b78a0bd1cdef6839ac5df9d55fdb0d4504e7",
        "sha256_in_prefix": "ddbe58dedfdb97fcd94429269468b78a0bd1cdef6839ac5df9d55fdb0d4504e7",
        "size_in_bytes": 24800
      },
      {
        "_path": "Lib/site-packages/setuptools/command/egg_info.pyc",
        "path_type": "hardlink",
        "sha256": "badd87535b7f9081ca0b5873d00b108be4146cc571c678d7f1cc15b7dd2b9b61",
        "sha256_in_prefix": "badd87535b7f9081ca0b5873d00b108be4146cc571c678d7f1cc15b7dd2b9b61",
        "size_in_bytes": 25101
      },
      {
        "_path": "Lib/site-packages/setuptools/command/install.py",
        "path_type": "hardlink",
        "sha256": "6b4119a4bfc0f3ae8a11d86271319bbb20ff4d8975b3291fcddaeb8becdacd3e",
        "sha256_in_prefix": "6b4119a4bfc0f3ae8a11d86271319bbb20ff4d8975b3291fcddaeb8becdacd3e",
        "size_in_bytes": 4683
      },
      {
        "_path": "Lib/site-packages/setuptools/command/install.pyc",
        "path_type": "hardlink",
        "sha256": "97062cf673e915d7f9291dc7997421d65ddb9cd98f603bbf3c913274af7d124b",
        "sha256_in_prefix": "97062cf673e915d7f9291dc7997421d65ddb9cd98f603bbf3c913274af7d124b",
        "size_in_bytes": 4803
      },
      {
        "_path": "Lib/site-packages/setuptools/command/install_egg_info.py",
        "path_type": "hardlink",
        "sha256": "6cc81e21e4625f34380c018f575df6f24723c108c78ce594e059e00162d5efc4",
        "sha256_in_prefix": "6cc81e21e4625f34380c018f575df6f24723c108c78ce594e059e00162d5efc4",
        "size_in_bytes": 2203
      },
      {
        "_path": "Lib/site-packages/setuptools/command/install_egg_info.pyc",
        "path_type": "hardlink",
        "sha256": "648d847f9a202e41e1c5b3c216267d39545d5fb92e3c9f57901608a36d858db0",
        "sha256_in_prefix": "648d847f9a202e41e1c5b3c216267d39545d5fb92e3c9f57901608a36d858db0",
        "size_in_bytes": 3065
      },
      {
        "_path": "Lib/site-packages/setuptools/command/install_lib.py",
        "path_type": "hardlink",
        "sha256": "d759b17f40a1d7636cb98c12f0f1f05c146fca1ebbd5000ce1c4d187b7a9cc6d",
        "sha256_in_prefix": "d759b17f40a1d7636cb98c12f0f1f05c146fca1ebbd5000ce1c4d187b7a9cc6d",
        "size_in_bytes": 3840
      },
      {
        "_path": "Lib/site-packages/setuptools/command/install_lib.pyc",
        "path_type": "hardlink",
        "sha256": "ac5c7ed017f690ab6462effdba184b6f36a42ae8b8a65855fc6028fe7ba8a12c",
        "sha256_in_prefix": "ac5c7ed017f690ab6462effdba184b6f36a42ae8b8a65855fc6028fe7ba8a12c",
        "size_in_bytes": 4690
      },
      {
        "_path": "Lib/site-packages/setuptools/command/install_scripts.py",
        "path_type": "hardlink",
        "sha256": "503d2b119ebceb599362121dcdcb2a2a7525f0fa33a1c5d697d5414355535a77",
        "sha256_in_prefix": "503d2b119ebceb599362121dcdcb2a2a7525f0fa33a1c5d697d5414355535a77",
        "size_in_bytes": 2439
      },
      {
        "_path": "Lib/site-packages/setuptools/command/install_scripts.pyc",
        "path_type": "hardlink",
        "sha256": "8743a20b29d8c40f545aa73bf791af31f96d700d8d02fc86543ca035a712cf12",
        "sha256_in_prefix": "8743a20b29d8c40f545aa73bf791af31f96d700d8d02fc86543ca035a712cf12",
        "size_in_bytes": 2816
      },
      {
        "_path": "Lib/site-packages/setuptools/command/launcher manifest.xml",
        "path_type": "hardlink",
        "sha256": "c652db8d6ac1d35b4a0b4fa195590e2a48923dbccc9a5d9e38fb49fee7029db1",
        "sha256_in_prefix": "c652db8d6ac1d35b4a0b4fa195590e2a48923dbccc9a5d9e38fb49fee7029db1",
        "size_in_bytes": 628
      },
      {
        "_path": "Lib/site-packages/setuptools/command/py36compat.py",
        "path_type": "hardlink",
        "sha256": "4b38d970ec45ef3745513e3b66fda7ec03371fc9280f2b3fd0ea52fa7f6021f7",
        "sha256_in_prefix": "4b38d970ec45ef3745513e3b66fda7ec03371fc9280f2b3fd0ea52fa7f6021f7",
        "size_in_bytes": 4986
      },
      {
        "_path": "Lib/site-packages/setuptools/command/py36compat.pyc",
        "path_type": "hardlink",
        "sha256": "460ece6ad839ca002a3a6a4bb22171acb2ca11aeef48f81cdf2866d1ce115f2b",
        "sha256_in_prefix": "460ece6ad839ca002a3a6a4bb22171acb2ca11aeef48f81cdf2866d1ce115f2b",
        "size_in_bytes": 5370
      },
      {
        "_path": "Lib/site-packages/setuptools/command/register.py",
        "path_type": "hardlink",
        "sha256": "6c794c9b5aa605b49d6a14ce4fcc3a52103e120790233ee9e9c0fea8e6ae6a22",
        "sha256_in_prefix": "6c794c9b5aa605b49d6a14ce4fcc3a52103e120790233ee9e9c0fea8e6ae6a22",
        "size_in_bytes": 270
      },
      {
        "_path": "Lib/site-packages/setuptools/command/register.pyc",
        "path_type": "hardlink",
        "sha256": "b1feb5a60545a31c94465e7c168e0093e6e2011593a93e350fd9e579723585a0",
        "sha256_in_prefix": "b1feb5a60545a31c94465e7c168e0093e6e2011593a93e350fd9e579723585a0",
        "size_in_bytes": 665
      },
      {
        "_path": "Lib/site-packages/setuptools/command/rotate.py",
        "path_type": "hardlink",
        "sha256": "728e42d44908ecfd06193e93ab3f93d92223d8b0494d95d810ba666a8e9de0a4",
        "sha256_in_prefix": "728e42d44908ecfd06193e93ab3f93d92223d8b0494d95d810ba666a8e9de0a4",
        "size_in_bytes": 2164
      },
      {
        "_path": "Lib/site-packages/setuptools/command/rotate.pyc",
        "path_type": "hardlink",
        "sha256": "0fbef1fcf2aab9442887e08c17b5690df2d86ae12c6d8b155be39345c5a0a2e5",
        "sha256_in_prefix": "0fbef1fcf2aab9442887e08c17b5690df2d86ae12c6d8b155be39345c5a0a2e5",
        "size_in_bytes": 2961
      },
      {
        "_path": "Lib/site-packages/setuptools/command/saveopts.py",
        "path_type": "hardlink",
        "sha256": "cdaed00817108a628aae259ca0271b8713e3533df481207be33b932f8ef1a4fe",
        "sha256_in_prefix": "cdaed00817108a628aae259ca0271b8713e3533df481207be33b932f8ef1a4fe",
        "size_in_bytes": 658
      },
      {
        "_path": "Lib/site-packages/setuptools/command/saveopts.pyc",
        "path_type": "hardlink",
        "sha256": "bf96c0dd42d6d6a8326526be5d28e6015fddb10c5b67467b8440d1a4fff4f15b",
        "sha256_in_prefix": "bf96c0dd42d6d6a8326526be5d28e6015fddb10c5b67467b8440d1a4fff4f15b",
        "size_in_bytes": 1084
      },
      {
        "_path": "Lib/site-packages/setuptools/command/sdist.py",
        "path_type": "hardlink",
        "sha256": "a1b0d37b60665add8f96714f65987b7b42d6bde984b1b0823bd33386b4d98e6f",
        "sha256_in_prefix": "a1b0d37b60665add8f96714f65987b7b42d6bde984b1b0823bd33386b4d98e6f",
        "size_in_bytes": 6711
      },
      {
        "_path": "Lib/site-packages/setuptools/command/sdist.pyc",
        "path_type": "hardlink",
        "sha256": "2de32e9fa28d7e7ae2b29981581e15dbf9e335bb3414d624127bc0033988daf7",
        "sha256_in_prefix": "2de32e9fa28d7e7ae2b29981581e15dbf9e335bb3414d624127bc0033988daf7",
        "size_in_bytes": 7568
      },
      {
        "_path": "Lib/site-packages/setuptools/command/setopt.py",
        "path_type": "hardlink",
        "sha256": "353583cb1fa08c317eb717f874ee7beececb3b31d5a0a47432adf7ac5c5a46bf",
        "sha256_in_prefix": "353583cb1fa08c317eb717f874ee7beececb3b31d5a0a47432adf7ac5c5a46bf",
        "size_in_bytes": 5085
      },
      {
        "_path": "Lib/site-packages/setuptools/command/setopt.pyc",
        "path_type": "hardlink",
        "sha256": "d3ab22996d20d241d9803e2847fe821a94b3a21a332c7e208604f1e76e5d88e2",
        "sha256_in_prefix": "d3ab22996d20d241d9803e2847fe821a94b3a21a332c7e208604f1e76e5d88e2",
        "size_in_bytes": 5900
      },
      {
        "_path": "Lib/site-packages/setuptools/command/test.py",
        "path_type": "hardlink",
        "sha256": "31e04071751e3c68cf2aa8f3e33bd3ac76ad2ef36c8e53c571a82ddd79c561d9",
        "sha256_in_prefix": "31e04071751e3c68cf2aa8f3e33bd3ac76ad2ef36c8e53c571a82ddd79c561d9",
        "size_in_bytes": 9214
      },
      {
        "_path": "Lib/site-packages/setuptools/command/test.pyc",
        "path_type": "hardlink",
        "sha256": "0a30bd2ed3aac15c15cd314522b4fb34a5afe0080b8b4b8d8ad0e4b010a52877",
        "sha256_in_prefix": "0a30bd2ed3aac15c15cd314522b4fb34a5afe0080b8b4b8d8ad0e4b010a52877",
        "size_in_bytes": 10138
      },
      {
        "_path": "Lib/site-packages/setuptools/command/upload.py",
        "path_type": "hardlink",
        "sha256": "8b581f22d6779d03a7e452976fcb4b0b629dede282f2558ee1b744e8da86a44e",
        "sha256_in_prefix": "8b581f22d6779d03a7e452976fcb4b0b629dede282f2558ee1b744e8da86a44e",
        "size_in_bytes": 1172
      },
      {
        "_path": "Lib/site-packages/setuptools/command/upload.pyc",
        "path_type": "hardlink",
        "sha256": "43b3fddd6bd3decdc8801de2950747e8479e7fc7e9f57e204c3ce8294f0bf357",
        "sha256_in_prefix": "43b3fddd6bd3decdc8801de2950747e8479e7fc7e9f57e204c3ce8294f0bf357",
        "size_in_bytes": 1561
      },
      {
        "_path": "Lib/site-packages/setuptools/command/upload_docs.py",
        "path_type": "hardlink",
        "sha256": "a17886a6533f71428bc04e02596c3df11cc2b9f02ef2d061302f7b19e805726b",
        "sha256_in_prefix": "a17886a6533f71428bc04e02596c3df11cc2b9f02ef2d061302f7b19e805726b",
        "size_in_bytes": 7311
      },
      {
        "_path": "Lib/site-packages/setuptools/command/upload_docs.pyc",
        "path_type": "hardlink",
        "sha256": "a5a369e0855071c2dcbaf3895ca86a89fb7eaec71da97a91b8b4cf058d2f7f0a",
        "sha256_in_prefix": "a5a369e0855071c2dcbaf3895ca86a89fb7eaec71da97a91b8b4cf058d2f7f0a",
        "size_in_bytes": 7677
      },
      {
        "_path": "Lib/site-packages/setuptools/config.py",
        "path_type": "hardlink",
        "sha256": "dcbf70c05d7fba9aecc87b141d75ecc8b989500e4721ccc9610d811732d68dcd",
        "sha256_in_prefix": "dcbf70c05d7fba9aecc87b141d75ecc8b989500e4721ccc9610d811732d68dcd",
        "size_in_bytes": 18006
      },
      {
        "_path": "Lib/site-packages/setuptools/config.pyc",
        "path_type": "hardlink",
        "sha256": "086f98de87f6033e25463ac413abe5903be25c2ef37b8501cdaf9553e51086e4",
        "sha256_in_prefix": "086f98de87f6033e25463ac413abe5903be25c2ef37b8501cdaf9553e51086e4",
        "size_in_bytes": 17194
      },
      {
        "_path": "Lib/site-packages/setuptools/dep_util.py",
        "path_type": "hardlink",
        "sha256": "7e08b1bc2d51eec1f7af5de4b727fb3741402e8a845cbd5c05aae6369484a168",
        "sha256_in_prefix": "7e08b1bc2d51eec1f7af5de4b727fb3741402e8a845cbd5c05aae6369484a168",
        "size_in_bytes": 935
      },
      {
        "_path": "Lib/site-packages/setuptools/dep_util.pyc",
        "path_type": "hardlink",
        "sha256": "84f2c9713b87e4d2f300b615e3bdad792b44ab90124899bac1cd2cb20e0d5e6f",
        "sha256_in_prefix": "84f2c9713b87e4d2f300b615e3bdad792b44ab90124899bac1cd2cb20e0d5e6f",
        "size_in_bytes": 935
      },
      {
        "_path": "Lib/site-packages/setuptools/depends.py",
        "path_type": "hardlink",
        "sha256": "842f1020370cdd50e9457bd1540e8e7cbf406907f1be1c4770dff0eac03236af",
        "sha256_in_prefix": "842f1020370cdd50e9457bd1540e8e7cbf406907f1be1c4770dff0eac03236af",
        "size_in_bytes": 5837
      },
      {
        "_path": "Lib/site-packages/setuptools/depends.pyc",
        "path_type": "hardlink",
        "sha256": "725c872d95f023b1458cc8e554a510bc7ddc8e8d72be8efd0c331d2c41c298b7",
        "sha256_in_prefix": "725c872d95f023b1458cc8e554a510bc7ddc8e8d72be8efd0c331d2c41c298b7",
        "size_in_bytes": 6303
      },
      {
        "_path": "Lib/site-packages/setuptools/dist.py",
        "path_type": "hardlink",
        "sha256": "d63de4b8d10669a0335b3d222d622dc7388dc894d90bc3207137cc67853859eb",
        "sha256_in_prefix": "d63de4b8d10669a0335b3d222d622dc7388dc894d90bc3207137cc67853859eb",
        "size_in_bytes": 42613
      },
      {
        "_path": "Lib/site-packages/setuptools/dist.pyc",
        "path_type": "hardlink",
        "sha256": "7a8289a38e7383f3dc3818dba5d7755b8cb5eaf8956c767ab694654961198c03",
        "sha256_in_prefix": "7a8289a38e7383f3dc3818dba5d7755b8cb5eaf8956c767ab694654961198c03",
        "size_in_bytes": 40600
      },
      {
        "_path": "Lib/site-packages/setuptools/extension.py",
        "path_type": "hardlink",
        "sha256": "b9cea71c8f8cc7098d08d3db522067c9b4b2aa1a49aa36e1bce43e7a676fb7f1",
        "sha256_in_prefix": "b9cea71c8f8cc7098d08d3db522067c9b4b2aa1a49aa36e1bce43e7a676fb7f1",
        "size_in_bytes": 1729
      },
      {
        "_path": "Lib/site-packages/setuptools/extension.pyc",
        "path_type": "hardlink",
        "sha256": "847b5ee6e988ef147348f4ce3375dcec852b195f40daef42d2a710a0ce113059",
        "sha256_in_prefix": "847b5ee6e988ef147348f4ce3375dcec852b195f40daef42d2a710a0ce113059",
        "size_in_bytes": 2328
      },
      {
        "_path": "Lib/site-packages/setuptools/extern/__init__.py",
        "path_type": "hardlink",
        "sha256": "d9e28cb01330b19aa894871806d2d9537b7deaceb14933f83d368d7cce4ff88d",
        "sha256_in_prefix": "d9e28cb01330b19aa894871806d2d9537b7deaceb14933f83d368d7cce4ff88d",
        "size_in_bytes": 2499
      },
      {
        "_path": "Lib/site-packages/setuptools/extern/__init__.pyc",
        "path_type": "hardlink",
        "sha256": "d992c41e92ef16c02ac2b70758059b59a259e245f086c97644dbc527207d8d71",
        "sha256_in_prefix": "d992c41e92ef16c02ac2b70758059b59a259e245f086c97644dbc527207d8d71",
        "size_in_bytes": 2824
      },
      {
        "_path": "Lib/site-packages/setuptools/glibc.py",
        "path_type": "hardlink",
        "sha256": "5fae15bc63cbd806d444ac1846c5893975c60183a217fbf6aa2c5e4e40142ee5",
        "sha256_in_prefix": "5fae15bc63cbd806d444ac1846c5893975c60183a217fbf6aa2c5e4e40142ee5",
        "size_in_bytes": 3146
      },
      {
        "_path": "Lib/site-packages/setuptools/glibc.pyc",
        "path_type": "hardlink",
        "sha256": "9a03689dba56df312ef99a20e04ec572a8b9f3c1acb259c5a20e60b1eeedeb47",
        "sha256_in_prefix": "9a03689dba56df312ef99a20e04ec572a8b9f3c1acb259c5a20e60b1eeedeb47",
        "size_in_bytes": 1885
      },
      {
        "_path": "Lib/site-packages/setuptools/glob.py",
        "path_type": "hardlink",
        "sha256": "63e7e9bfcc1d1d9ceff433c2686002a4c481589e9a9aaff57b447f8bcfde978c",
        "sha256_in_prefix": "63e7e9bfcc1d1d9ceff433c2686002a4c481589e9a9aaff57b447f8bcfde978c",
        "size_in_bytes": 5207
      },
      {
        "_path": "Lib/site-packages/setuptools/glob.pyc",
        "path_type": "hardlink",
        "sha256": "fe0808810da211e391cff0dcc0082b7f008e33999ce3bd4d34dbdaadbe269796",
        "sha256_in_prefix": "fe0808810da211e391cff0dcc0082b7f008e33999ce3bd4d34dbdaadbe269796",
        "size_in_bytes": 4653
      },
      {
        "_path": "Lib/site-packages/setuptools/gui-32.exe",
        "path_type": "hardlink",
        "sha256": "5c1af46c7300e87a73dacf6cf41ce397e3f05df6bd9c7e227b4ac59f85769160",
        "sha256_in_prefix": "5c1af46c7300e87a73dacf6cf41ce397e3f05df6bd9c7e227b4ac59f85769160",
        "size_in_bytes": 65536
      },
      {
        "_path": "Lib/site-packages/setuptools/gui-64.exe",
        "path_type": "hardlink",
        "sha256": "69828c857d4824b9f850b1e0597d2c134c91114b7a0774c41dffe33b0eb23721",
        "sha256_in_prefix": "69828c857d4824b9f850b1e0597d2c134c91114b7a0774c41dffe33b0eb23721",
        "size_in_bytes": 75264
      },
      {
        "_path": "Lib/site-packages/setuptools/gui.exe",
        "path_type": "hardlink",
        "sha256": "5c1af46c7300e87a73dacf6cf41ce397e3f05df6bd9c7e227b4ac59f85769160",
        "sha256_in_prefix": "5c1af46c7300e87a73dacf6cf41ce397e3f05df6bd9c7e227b4ac59f85769160",
        "size_in_bytes": 65536
      },
      {
        "_path": "Lib/site-packages/setuptools/launch.py",
        "path_type": "hardlink",
        "sha256": "b1dede8f0841a1c083c7fc06f6b22cd0e699f07b6698553c642e8847f4b42ef8",
        "sha256_in_prefix": "b1dede8f0841a1c083c7fc06f6b22cd0e699f07b6698553c642e8847f4b42ef8",
        "size_in_bytes": 787
      },
      {
        "_path": "Lib/site-packages/setuptools/launch.pyc",
        "path_type": "hardlink",
        "sha256": "470c037512f184365ef8b6ad29d89a608ce9d4d639b62f8913c6d496e902a186",
        "sha256_in_prefix": "470c037512f184365ef8b6ad29d89a608ce9d4d639b62f8913c6d496e902a186",
        "size_in_bytes": 970
      },
      {
        "_path": "Lib/site-packages/setuptools/lib2to3_ex.py",
        "path_type": "hardlink",
        "sha256": "b797b5da16d1da98bd5787b35834c1e0933e0084949c63a499c9d81de937c638",
        "sha256_in_prefix": "b797b5da16d1da98bd5787b35834c1e0933e0084949c63a499c9d81de937c638",
        "size_in_bytes": 2013
      },
      {
        "_path": "Lib/site-packages/setuptools/lib2to3_ex.pyc",
        "path_type": "hardlink",
        "sha256": "581cdfa19f12e7ff6c403469f5506ba1a1179f61582a3c536c4d4ad7d701a3e6",
        "sha256_in_prefix": "581cdfa19f12e7ff6c403469f5506ba1a1179f61582a3c536c4d4ad7d701a3e6",
        "size_in_bytes": 2869
      },
      {
        "_path": "Lib/site-packages/setuptools/monkey.py",
        "path_type": "hardlink",
        "sha256": "1ffc89f7512d0d6bb6d2fe49b0498578372489854c8691379cc704771c5df888",
        "sha256_in_prefix": "1ffc89f7512d0d6bb6d2fe49b0498578372489854c8691379cc704771c5df888",
        "size_in_bytes": 5261
      },
      {
        "_path": "Lib/site-packages/setuptools/monkey.pyc",
        "path_type": "hardlink",
        "sha256": "9d412e811aff45aac57b8f0542cc1399dee0656293d00296a58d6c15b0bf1c05",
        "sha256_in_prefix": "9d412e811aff45aac57b8f0542cc1399dee0656293d00296a58d6c15b0bf1c05",
        "size_in_bytes": 5577
      },
      {
        "_path": "Lib/site-packages/setuptools/msvc.py",
        "path_type": "hardlink",
        "sha256": "f04895f72a5bdc440942cb0f707d4765b74db1b46faac16727bc0f1441b0148a",
        "sha256_in_prefix": "f04895f72a5bdc440942cb0f707d4765b74db1b46faac16727bc0f1441b0148a",
        "size_in_bytes": 40877
      },
      {
        "_path": "Lib/site-packages/setuptools/msvc.pyc",
        "path_type": "hardlink",
        "sha256": "48389bf74bb249199780c0dab94d41af775ebee543a62816d10eaff53df832b4",
        "sha256_in_prefix": "48389bf74bb249199780c0dab94d41af775ebee543a62816d10eaff53df832b4",
        "size_in_bytes": 39137
      },
      {
        "_path": "Lib/site-packages/setuptools/namespaces.py",
        "path_type": "hardlink",
        "sha256": "17436b6eff0a093d8eaceeebc1ad37a26e0de0664a0259dc7beaebf9c80341af",
        "sha256_in_prefix": "17436b6eff0a093d8eaceeebc1ad37a26e0de0664a0259dc7beaebf9c80341af",
        "size_in_bytes": 3199
      },
      {
        "_path": "Lib/site-packages/setuptools/namespaces.pyc",
        "path_type": "hardlink",
        "sha256": "dedc0fcc5b3fade9248dc87875194cf8d7db0f6c34bda4d72fe5495272d693c0",
        "sha256_in_prefix": "dedc0fcc5b3fade9248dc87875194cf8d7db0f6c34bda4d72fe5495272d693c0",
        "size_in_bytes": 4853
      },
      {
        "_path": "Lib/site-packages/setuptools/package_index.py",
        "path_type": "hardlink",
        "sha256": "30a6310b1c2bda9c1deb5d2db91deae7efcb687568723cbfc3176ec767244c6b",
        "sha256_in_prefix": "30a6310b1c2bda9c1deb5d2db91deae7efcb687568723cbfc3176ec767244c6b",
        "size_in_bytes": 40356
      },
      {
        "_path": "Lib/site-packages/setuptools/package_index.pyc",
        "path_type": "hardlink",
        "sha256": "122ab0b2745b8910e2e66cbf584ce0761c4c680ff055f31985f0bfbec93f8028",
        "sha256_in_prefix": "122ab0b2745b8910e2e66cbf584ce0761c4c680ff055f31985f0bfbec93f8028",
        "size_in_bytes": 38742
      },
      {
        "_path": "Lib/site-packages/setuptools/pep425tags.py",
        "path_type": "hardlink",
        "sha256": "23b9715a9cbd5ca10b049d02558893ece3d6d2190115ed243696c40705d5fd74",
        "sha256_in_prefix": "23b9715a9cbd5ca10b049d02558893ece3d6d2190115ed243696c40705d5fd74",
        "size_in_bytes": 10873
      },
      {
        "_path": "Lib/site-packages/setuptools/pep425tags.pyc",
        "path_type": "hardlink",
        "sha256": "27bc52b096641db0b8f959c6d21cd6efb877a2e54bb1e5d87e0baea49634ba3c",
        "sha256_in_prefix": "27bc52b096641db0b8f959c6d21cd6efb877a2e54bb1e5d87e0baea49634ba3c",
        "size_in_bytes": 9092
      },
      {
        "_path": "Lib/site-packages/setuptools/py27compat.py",
        "path_type": "hardlink",
        "sha256": "de6c3144c0e4e50e4ed6b49738445b4035e116ac032618548ad7cc5bfaa9502a",
        "sha256_in_prefix": "de6c3144c0e4e50e4ed6b49738445b4035e116ac032618548ad7cc5bfaa9502a",
        "size_in_bytes": 536
      },
      {
        "_path": "Lib/site-packages/setuptools/py27compat.pyc",
        "path_type": "hardlink",
        "sha256": "919a95cc39df5dbf46ffb969bcbac5125f597fca951c7a435965d41b3aaacd3a",
        "sha256_in_prefix": "919a95cc39df5dbf46ffb969bcbac5125f597fca951c7a435965d41b3aaacd3a",
        "size_in_bytes": 985
      },
      {
        "_path": "Lib/site-packages/setuptools/py31compat.py",
        "path_type": "hardlink",
        "sha256": "5ee5351c2b0613fdf31af051221630da207e2210852b8f8fc70fe3322a9d3559",
        "sha256_in_prefix": "5ee5351c2b0613fdf31af051221630da207e2210852b8f8fc70fe3322a9d3559",
        "size_in_bytes": 1192
      },
      {
        "_path": "Lib/site-packages/setuptools/py31compat.pyc",
        "path_type": "hardlink",
        "sha256": "176945940ec7fa9205f0c5995ac4eada23f235e6345c3496459f62cbd6a6a02f",
        "sha256_in_prefix": "176945940ec7fa9205f0c5995ac4eada23f235e6345c3496459f62cbd6a6a02f",
        "size_in_bytes": 1808
      },
      {
        "_path": "Lib/site-packages/setuptools/py33compat.py",
        "path_type": "hardlink",
        "sha256": "34a4bce279782e32c8a1a77a3907e09b28199f898cbeba24fdbd4dd6dcde6dec",
        "sha256_in_prefix": "34a4bce279782e32c8a1a77a3907e09b28199f898cbeba24fdbd4dd6dcde6dec",
        "size_in_bytes": 1182
      },
      {
        "_path": "Lib/site-packages/setuptools/py33compat.pyc",
        "path_type": "hardlink",
        "sha256": "a81e666a6118284c39b7c73d9a8122bb5a927460929e835b1e9bf0352841e0cf",
        "sha256_in_prefix": "a81e666a6118284c39b7c73d9a8122bb5a927460929e835b1e9bf0352841e0cf",
        "size_in_bytes": 1660
      },
      {
        "_path": "Lib/site-packages/setuptools/py36compat.py",
        "path_type": "hardlink",
        "sha256": "5540d6c66bb9aede101e519346d005bba5b98ef7cbe960637830337a8072d0e3",
        "sha256_in_prefix": "5540d6c66bb9aede101e519346d005bba5b98ef7cbe960637830337a8072d0e3",
        "size_in_bytes": 2891
      },
      {
        "_path": "Lib/site-packages/setuptools/py36compat.pyc",
        "path_type": "hardlink",
        "sha256": "def6b59ac71f3521dbbe6faf0aa0abfbb4a8ffd8b5656848d1aaebb9dc5a5925",
        "sha256_in_prefix": "def6b59ac71f3521dbbe6faf0aa0abfbb4a8ffd8b5656848d1aaebb9dc5a5925",
        "size_in_bytes": 2787
      },
      {
        "_path": "Lib/site-packages/setuptools/sandbox.py",
        "path_type": "hardlink",
        "sha256": "f546f07c42f9418e37ea8308d4bb455a8861a19f94cf01ef1b2663507fea864c",
        "sha256_in_prefix": "f546f07c42f9418e37ea8308d4bb455a8861a19f94cf01ef1b2663507fea864c",
        "size_in_bytes": 14276
      },
      {
        "_path": "Lib/site-packages/setuptools/sandbox.pyc",
        "path_type": "hardlink",
        "sha256": "f0593c8de12e24de93f5f980cce3347281358adb61c07f25570a354fa506eb7f",
        "sha256_in_prefix": "f0593c8de12e24de93f5f980cce3347281358adb61c07f25570a354fa506eb7f",
        "size_in_bytes": 18090
      },
      {
        "_path": "Lib/site-packages/setuptools/script (dev).tmpl",
        "path_type": "hardlink",
        "sha256": "7fb311d7b7539336aa90231256c7b2382315acf55231d99342c681f1c6737ee2",
        "sha256_in_prefix": "7fb311d7b7539336aa90231256c7b2382315acf55231d99342c681f1c6737ee2",
        "size_in_bytes": 201
      },
      {
        "_path": "Lib/site-packages/setuptools/script.tmpl",
        "path_type": "hardlink",
        "sha256": "5864ede6989eccedbb73e0dbc7a9794384f715fdb4039cfbf3bda1bf76808586",
        "sha256_in_prefix": "5864ede6989eccedbb73e0dbc7a9794384f715fdb4039cfbf3bda1bf76808586",
        "size_in_bytes": 138
      },
      {
        "_path": "Lib/site-packages/setuptools/site-patch.py",
        "path_type": "hardlink",
        "sha256": "055b7ac88ac33172687e503927a0c921cb0951f5bf5c479584ecde9534c50cfe",
        "sha256_in_prefix": "055b7ac88ac33172687e503927a0c921cb0951f5bf5c479584ecde9534c50cfe",
        "size_in_bytes": 2307
      },
      {
        "_path": "Lib/site-packages/setuptools/site-patch.pyc",
        "path_type": "hardlink",
        "sha256": "c7d0016f45b8b2bf00d41fec4d31fd862bbfdef97af9837a33228e27eb8342cd",
        "sha256_in_prefix": "c7d0016f45b8b2bf00d41fec4d31fd862bbfdef97af9837a33228e27eb8342cd",
        "size_in_bytes": 1709
      },
      {
        "_path": "Lib/site-packages/setuptools/ssl_support.py",
        "path_type": "hardlink",
        "sha256": "6010c9b026634a9eb60968f19929247bd927f6b8471e3db90aeb3ace12515b77",
        "sha256_in_prefix": "6010c9b026634a9eb60968f19929247bd927f6b8471e3db90aeb3ace12515b77",
        "size_in_bytes": 8492
      },
      {
        "_path": "Lib/site-packages/setuptools/ssl_support.pyc",
        "path_type": "hardlink",
        "sha256": "2fb4a3738bd3f65169842579cbc6ceb42d9c739f5539d50c078cdc555c9cce2f",
        "sha256_in_prefix": "2fb4a3738bd3f65169842579cbc6ceb42d9c739f5539d50c078cdc555c9cce2f",
        "size_in_bytes": 8216
      },
      {
        "_path": "Lib/site-packages/setuptools/unicode_utils.py",
        "path_type": "hardlink",
        "sha256": "34e899ff9843ef603ac3ee30563f1ac0714cde7e752a6c3521cfefc75e5716ac",
        "sha256_in_prefix": "34e899ff9843ef603ac3ee30563f1ac0714cde7e752a6c3521cfefc75e5716ac",
        "size_in_bytes": 996
      },
      {
        "_path": "Lib/site-packages/setuptools/unicode_utils.pyc",
        "path_type": "hardlink",
        "sha256": "5ea93f83c9ba0179b2a9809534bafab8111a2fd224922724864ce3f205e324fe",
        "sha256_in_prefix": "5ea93f83c9ba0179b2a9809534bafab8111a2fd224922724864ce3f205e324fe",
        "size_in_bytes": 1412
      },
      {
        "_path": "Lib/site-packages/setuptools/version.py",
        "path_type": "hardlink",
        "sha256": "a20fdcb9941bd1023aba429915f6563e5af51e02413cf9f6bceda6fdb23d6531",
        "sha256_in_prefix": "a20fdcb9941bd1023aba429915f6563e5af51e02413cf9f6bceda6fdb23d6531",
        "size_in_bytes": 144
      },
      {
        "_path": "Lib/site-packages/setuptools/version.pyc",
        "path_type": "hardlink",
        "sha256": "f2d796526cbede8032d8ee9add1f6fe34dff74fb66fe4174ea31ca14de043c55",
        "sha256_in_prefix": "f2d796526cbede8032d8ee9add1f6fe34dff74fb66fe4174ea31ca14de043c55",
        "size_in_bytes": 307
      },
      {
        "_path": "Lib/site-packages/setuptools/wheel.py",
        "path_type": "hardlink",
        "sha256": "d95efe5c60f48d116f10ea376eda65d48ee4530699214166aa701561ea0cc0fb",
        "sha256_in_prefix": "d95efe5c60f48d116f10ea376eda65d48ee4530699214166aa701561ea0cc0fb",
        "size_in_bytes": 7778
      },
      {
        "_path": "Lib/site-packages/setuptools/wheel.pyc",
        "path_type": "hardlink",
        "sha256": "fb449915e86a2cbd6546d8b8f084a359b6a3cc9d3d0a5cb8528b8ce9d4765a35",
        "sha256_in_prefix": "fb449915e86a2cbd6546d8b8f084a359b6a3cc9d3d0a5cb8528b8ce9d4765a35",
        "size_in_bytes": 7651
      },
      {
        "_path": "Lib/site-packages/setuptools/windows_support.py",
        "path_type": "hardlink",
        "sha256": "e46adfa923f6f9d2c6268653ab683a7422a4c90c716b69f92108979490a86041",
        "sha256_in_prefix": "e46adfa923f6f9d2c6268653ab683a7422a4c90c716b69f92108979490a86041",
        "size_in_bytes": 714
      },
      {
        "_path": "Lib/site-packages/setuptools/windows_support.pyc",
        "path_type": "hardlink",
        "sha256": "62dc74d681eb95073087479377358b7c42b3ae073cfe8ba4b22ecd478cc5a1c9",
        "sha256_in_prefix": "62dc74d681eb95073087479377358b7c42b3ae073cfe8ba4b22ecd478cc5a1c9",
        "size_in_bytes": 1214
      },
      {
        "_path": "Scripts/easy_install-script.py",
        "path_type": "hardlink",
        "sha256": "faaf3209366cd175a77979bb1fffd70320cf58df3e5d59b8b3e9aa59276369d6",
        "sha256_in_prefix": "faaf3209366cd175a77979bb1fffd70320cf58df3e5d59b8b3e9aa59276369d6",
        "size_in_bytes": 225
      },
      {
        "_path": "Scripts/easy_install.exe",
        "path_type": "hardlink",
        "sha256": "13b525f402eff414e421286544661bcb795bf209dee9081cfba04a2aeb4eeeb4",
        "sha256_in_prefix": "13b525f402eff414e421286544661bcb795bf209dee9081cfba04a2aeb4eeeb4",
        "size_in_bytes": 38912
      },
      {
        "_path": "Scripts/easy_install.exe.manifest",
        "path_type": "hardlink",
        "sha256": "155023a6e3de72119e94b5eb5828aeba9a68bbc93cd490ebbaa6e3962d46de3d",
        "sha256_in_prefix": "155023a6e3de72119e94b5eb5828aeba9a68bbc93cd490ebbaa6e3962d46de3d",
        "size_in_bytes": 647
      }
    ],
    "paths_version": 1
  },
  "platform": "win32",
  "requested_spec": "None",
  "size": 612726,
  "subdir": "win-32",
  "timestamp": 1527793761674,
  "url": "https://repo.continuum.io/pkgs/main/win-32/setuptools-39.2.0-py27_0.tar.bz2",
  "version": "39.2.0"
}