{
  "arch": "x86",
  "build": "h7299396_1",
  "build_number": 1,
  "channel": "https://repo.continuum.io/pkgs/main",
  "constrains": [],
  "depends": [
    "vs2008_runtime >=9.0.30729.1,<10.0a0"
  ],
  "extracted_package_dir": "C:\\Users\\Administrator\\Anaconda3\\pkgs32\\vc-9-h7299396_1",
  "files": [],
  "fn": "vc-9-h7299396_1.tar.bz2",
  "license": "Modified BSD License (3-clause)",
  "license_family": "BSD",
  "link": {
    "source": "C:\\Users\\Administrator\\Anaconda3\\pkgs32\\vc-9-h7299396_1",
    "type": 1
  },
  "md5": "ff3c976e2bec5ead14da4ef6f3efa9ae",
  "name": "vc",
  "package_tarball_full_path": "C:\\Users\\Administrator\\Anaconda3\\pkgs32\\vc-9-h7299396_1.tar.bz2",
  "paths_data": {
    "paths": [],
    "paths_version": 1
  },
  "platform": "win32",
  "requested_spec": "None",
  "size": 2849,
  "subdir": "win-32",
  "timestamp": 1508370904710,
  "track_features": "vc9",
  "url": "https://repo.continuum.io/pkgs/main/win-32/vc-9-h7299396_1.tar.bz2",
  "version": "9"
}