{
  "arch": "x86",
  "build": "hfaea7d5_1",
  "build_number": 1,
  "channel": "https://repo.continuum.io/pkgs/main",
  "constrains": [],
  "depends": [],
  "extracted_package_dir": "C:\\Users\\Administrator\\Anaconda3\\pkgs32\\vs2008_runtime-9.00.30729.1-hfaea7d5_1",
  "files": [
    "Library/bin/msvcm90.dll",
    "Library/bin/msvcp90.dll",
    "Library/bin/msvcr90.dll",
    "Library/bin/vcomp90.dll",
    "msvcm90.dll",
    "msvcp90.dll",
    "msvcr90.dll",
    "vcomp90.dll"
  ],
  "fn": "vs2008_runtime-9.00.30729.1-hfaea7d5_1.tar.bz2",
  "link": {
    "source": "C:\\Users\\Administrator\\Anaconda3\\pkgs32\\vs2008_runtime-9.00.30729.1-hfaea7d5_1",
    "type": 1
  },
  "md5": "653c5afbe8df26ce42246f750c1a0ee8",
  "name": "vs2008_runtime",
  "package_tarball_full_path": "C:\\Users\\Administrator\\Anaconda3\\pkgs32\\vs2008_runtime-9.00.30729.1-hfaea7d5_1.tar.bz2",
  "paths_data": {
    "paths": [
      {
        "_path": "Library/bin/msvcm90.dll",
        "path_type": "hardlink",
        "sha256": "483d5cc8abba6a655ba7b4c96bab0716c0db7c051a358ed05c2349ecdc4566ba",
        "sha256_in_prefix": "483d5cc8abba6a655ba7b4c96bab0716c0db7c051a358ed05c2349ecdc4566ba",
        "size_in_bytes": 225280
      },
      {
        "_path": "Library/bin/msvcp90.dll",
        "path_type": "hardlink",
        "sha256": "b0c94ed5e8be48ec1faa993fb0279a02c35c6f2468336681f2875ffbffc7c679",
        "sha256_in_prefix": "b0c94ed5e8be48ec1faa993fb0279a02c35c6f2468336681f2875ffbffc7c679",
        "size_in_bytes": 569680
      },
      {
        "_path": "Library/bin/msvcr90.dll",
        "path_type": "hardlink",
        "sha256": "ce59367ebeec439004002d9dbe515b64ff60cb884b45778717b0a5c790db97b2",
        "sha256_in_prefix": "ce59367ebeec439004002d9dbe515b64ff60cb884b45778717b0a5c790db97b2",
        "size_in_bytes": 653136
      },
      {
        "_path": "Library/bin/vcomp90.dll",
        "path_type": "hardlink",
        "sha256": "0b38bf20acfd92d47838666ba1a94f9eb05934dac063b83cf51226f0481c2760",
        "sha256_in_prefix": "0b38bf20acfd92d47838666ba1a94f9eb05934dac063b83cf51226f0481c2760",
        "size_in_bytes": 51024
      },
      {
        "_path": "msvcm90.dll",
        "path_type": "hardlink",
        "sha256": "483d5cc8abba6a655ba7b4c96bab0716c0db7c051a358ed05c2349ecdc4566ba",
        "sha256_in_prefix": "483d5cc8abba6a655ba7b4c96bab0716c0db7c051a358ed05c2349ecdc4566ba",
        "size_in_bytes": 225280
      },
      {
        "_path": "msvcp90.dll",
        "path_type": "hardlink",
        "sha256": "b0c94ed5e8be48ec1faa993fb0279a02c35c6f2468336681f2875ffbffc7c679",
        "sha256_in_prefix": "b0c94ed5e8be48ec1faa993fb0279a02c35c6f2468336681f2875ffbffc7c679",
        "size_in_bytes": 569680
      },
      {
        "_path": "msvcr90.dll",
        "path_type": "hardlink",
        "sha256": "ce59367ebeec439004002d9dbe515b64ff60cb884b45778717b0a5c790db97b2",
        "sha256_in_prefix": "ce59367ebeec439004002d9dbe515b64ff60cb884b45778717b0a5c790db97b2",
        "size_in_bytes": 653136
      },
      {
        "_path": "vcomp90.dll",
        "path_type": "hardlink",
        "sha256": "0b38bf20acfd92d47838666ba1a94f9eb05934dac063b83cf51226f0481c2760",
        "sha256_in_prefix": "0b38bf20acfd92d47838666ba1a94f9eb05934dac063b83cf51226f0481c2760",
        "size_in_bytes": 51024
      }
    ],
    "paths_version": 1
  },
  "platform": "win32",
  "requested_spec": "None",
  "size": 989406,
  "subdir": "win-32",
  "timestamp": 1508370900853,
  "url": "https://repo.continuum.io/pkgs/main/win-32/vs2008_runtime-9.00.30729.1-hfaea7d5_1.tar.bz2",
  "version": "9.00.30729.1"
}