{
  "arch": "x86",
  "build": "py27_0",
  "build_number": 0,
  "channel": "https://repo.continuum.io/pkgs/main",
  "constrains": [],
  "depends": [
    "python >=2.7,<2.8.0a0",
    "setuptools"
  ],
  "extracted_package_dir": "C:\\Users\\Administrator\\Anaconda3\\pkgs32\\wheel-0.31.1-py27_0",
  "files": [
    "Lib/site-packages/wheel-0.31.1-py2.7.egg-info/PKG-INFO",
    "Lib/site-packages/wheel-0.31.1-py2.7.egg-info/SOURCES.txt",
    "Lib/site-packages/wheel-0.31.1-py2.7.egg-info/dependency_links.txt",
    "Lib/site-packages/wheel-0.31.1-py2.7.egg-info/entry_points.txt",
    "Lib/site-packages/wheel-0.31.1-py2.7.egg-info/not-zip-safe",
    "Lib/site-packages/wheel-0.31.1-py2.7.egg-info/requires.txt",
    "Lib/site-packages/wheel-0.31.1-py2.7.egg-info/top_level.txt",
    "Lib/site-packages/wheel/__init__.py",
    "Lib/site-packages/wheel/__init__.pyc",
    "Lib/site-packages/wheel/__main__.py",
    "Lib/site-packages/wheel/__main__.pyc",
    "Lib/site-packages/wheel/archive.py",
    "Lib/site-packages/wheel/archive.pyc",
    "Lib/site-packages/wheel/bdist_wheel.py",
    "Lib/site-packages/wheel/bdist_wheel.pyc",
    "Lib/site-packages/wheel/egg2wheel.py",
    "Lib/site-packages/wheel/egg2wheel.pyc",
    "Lib/site-packages/wheel/install.py",
    "Lib/site-packages/wheel/install.pyc",
    "Lib/site-packages/wheel/metadata.py",
    "Lib/site-packages/wheel/metadata.pyc",
    "Lib/site-packages/wheel/paths.py",
    "Lib/site-packages/wheel/paths.pyc",
    "Lib/site-packages/wheel/pep425tags.py",
    "Lib/site-packages/wheel/pep425tags.pyc",
    "Lib/site-packages/wheel/pkginfo.py",
    "Lib/site-packages/wheel/pkginfo.pyc",
    "Lib/site-packages/wheel/signatures/__init__.py",
    "Lib/site-packages/wheel/signatures/__init__.pyc",
    "Lib/site-packages/wheel/signatures/djbec.py",
    "Lib/site-packages/wheel/signatures/djbec.pyc",
    "Lib/site-packages/wheel/signatures/ed25519py.py",
    "Lib/site-packages/wheel/signatures/ed25519py.pyc",
    "Lib/site-packages/wheel/signatures/keys.py",
    "Lib/site-packages/wheel/signatures/keys.pyc",
    "Lib/site-packages/wheel/tool/__init__.py",
    "Lib/site-packages/wheel/tool/__init__.pyc",
    "Lib/site-packages/wheel/util.py",
    "Lib/site-packages/wheel/util.pyc",
    "Lib/site-packages/wheel/wininst2wheel.py",
    "Lib/site-packages/wheel/wininst2wheel.pyc",
    "Scripts/wheel-script.py",
    "Scripts/wheel.exe",
    "Scripts/wheel.exe.manifest"
  ],
  "fn": "wheel-0.31.1-py27_0.tar.bz2",
  "license": "MIT",
  "link": {
    "source": "C:\\Users\\Administrator\\Anaconda3\\pkgs32\\wheel-0.31.1-py27_0",
    "type": 1
  },
  "md5": "4370a559aceb0bc2a3317182ab32e0b3",
  "name": "wheel",
  "package_tarball_full_path": "C:\\Users\\Administrator\\Anaconda3\\pkgs32\\wheel-0.31.1-py27_0.tar.bz2",
  "paths_data": {
    "paths": [
      {
        "_path": "Lib/site-packages/wheel-0.31.1-py2.7.egg-info/PKG-INFO",
        "path_type": "hardlink",
        "sha256": "c4be8a13c61923391ce39c89d579176f6f823ef55afe91ba6475cfde6286f140",
        "sha256_in_prefix": "c4be8a13c61923391ce39c89d579176f6f823ef55afe91ba6475cfde6286f140",
        "size_in_bytes": 15493
      },
      {
        "_path": "Lib/site-packages/wheel-0.31.1-py2.7.egg-info/SOURCES.txt",
        "path_type": "hardlink",
        "sha256": "2a8fd35fad3050a4c58f301952484a6e2f89a95a14a6365517e947c8022e4418",
        "sha256_in_prefix": "2a8fd35fad3050a4c58f301952484a6e2f89a95a14a6365517e947c8022e4418",
        "size_in_bytes": 619
      },
      {
        "_path": "Lib/site-packages/wheel-0.31.1-py2.7.egg-info/dependency_links.txt",
        "path_type": "hardlink",
        "sha256": "01ba4719c80b6fe911b091a7c05124b64eeece964e09c058ef8f9805daca546b",
        "sha256_in_prefix": "01ba4719c80b6fe911b091a7c05124b64eeece964e09c058ef8f9805daca546b",
        "size_in_bytes": 1
      },
      {
        "_path": "Lib/site-packages/wheel-0.31.1-py2.7.egg-info/entry_points.txt",
        "path_type": "hardlink",
        "sha256": "a53c9e195b2e7327ebfc15dee4e40ab80d41a7960a688016cb9a5e8e4ab8431d",
        "sha256_in_prefix": "a53c9e195b2e7327ebfc15dee4e40ab80d41a7960a688016cb9a5e8e4ab8431d",
        "size_in_bytes": 109
      },
      {
        "_path": "Lib/site-packages/wheel-0.31.1-py2.7.egg-info/not-zip-safe",
        "path_type": "hardlink",
        "sha256": "01ba4719c80b6fe911b091a7c05124b64eeece964e09c058ef8f9805daca546b",
        "sha256_in_prefix": "01ba4719c80b6fe911b091a7c05124b64eeece964e09c058ef8f9805daca546b",
        "size_in_bytes": 1
      },
      {
        "_path": "Lib/site-packages/wheel-0.31.1-py2.7.egg-info/requires.txt",
        "path_type": "hardlink",
        "sha256": "acc3165db59ca8a82de99d0ca7ecd0980e54f2739f2b5807ab716101cde6de20",
        "sha256_in_prefix": "acc3165db59ca8a82de99d0ca7ecd0980e54f2739f2b5807ab716101cde6de20",
        "size_in_bytes": 141
      },
      {
        "_path": "Lib/site-packages/wheel-0.31.1-py2.7.egg-info/top_level.txt",
        "path_type": "hardlink",
        "sha256": "1f148121b804b2d30f7b87856b0840eba32af90607328a5756802771f8dbff57",
        "sha256_in_prefix": "1f148121b804b2d30f7b87856b0840eba32af90607328a5756802771f8dbff57",
        "size_in_bytes": 6
      },
      {
        "_path": "Lib/site-packages/wheel/__init__.py",
        "path_type": "hardlink",
        "sha256": "10905b0eb63583909a13cc666a2ede95583778a34e9c3e93c617c54ddc4b3436",
        "sha256_in_prefix": "10905b0eb63583909a13cc666a2ede95583778a34e9c3e93c617c54ddc4b3436",
        "size_in_bytes": 96
      },
      {
        "_path": "Lib/site-packages/wheel/__init__.pyc",
        "path_type": "hardlink",
        "sha256": "ec4e3ec2b820ac3ba28f7f2f2808e7014bb736fb982c804d098a4040ff2f5c3f",
        "sha256_in_prefix": "ec4e3ec2b820ac3ba28f7f2f2808e7014bb736fb982c804d098a4040ff2f5c3f",
        "size_in_bytes": 155
      },
      {
        "_path": "Lib/site-packages/wheel/__main__.py",
        "path_type": "hardlink",
        "sha256": "2befa6ee6abedbb34ed1f9be6bc2a5b6192e7027b4c3ffb4855c4bdee0ee8e45",
        "sha256_in_prefix": "2befa6ee6abedbb34ed1f9be6bc2a5b6192e7027b4c3ffb4855c4bdee0ee8e45",
        "size_in_bytes": 419
      },
      {
        "_path": "Lib/site-packages/wheel/__main__.pyc",
        "path_type": "hardlink",
        "sha256": "79b094e247a64b14e8daedb02d32c1d6eb51e35b435a46c11c4dea49ae29647a",
        "sha256_in_prefix": "79b094e247a64b14e8daedb02d32c1d6eb51e35b435a46c11c4dea49ae29647a",
        "size_in_bytes": 685
      },
      {
        "_path": "Lib/site-packages/wheel/archive.py",
        "path_type": "hardlink",
        "sha256": "45b75c2dcb8d60c8a4bbb37555b33b037a9b9126fa464a1d1daa2a63d091563b",
        "sha256_in_prefix": "45b75c2dcb8d60c8a4bbb37555b33b037a9b9126fa464a1d1daa2a63d091563b",
        "size_in_bytes": 2426
      },
      {
        "_path": "Lib/site-packages/wheel/archive.pyc",
        "path_type": "hardlink",
        "sha256": "3a0e0b863136545045a6a3ca7e3c25bf57958301b13c21aa8b77ee04259cc50d",
        "sha256_in_prefix": "3a0e0b863136545045a6a3ca7e3c25bf57958301b13c21aa8b77ee04259cc50d",
        "size_in_bytes": 2533
      },
      {
        "_path": "Lib/site-packages/wheel/bdist_wheel.py",
        "path_type": "hardlink",
        "sha256": "3c1efa785c97171fb978786c3e3d433830265bb6faacd334ae64b8e0f498f552",
        "sha256_in_prefix": "3c1efa785c97171fb978786c3e3d433830265bb6faacd334ae64b8e0f498f552",
        "size_in_bytes": 15904
      },
      {
        "_path": "Lib/site-packages/wheel/bdist_wheel.pyc",
        "path_type": "hardlink",
        "sha256": "ce15ed1a265f5b3a777001d538afaaef9bdb60f2e50e00ad9a087879fd7210b1",
        "sha256_in_prefix": "ce15ed1a265f5b3a777001d538afaaef9bdb60f2e50e00ad9a087879fd7210b1",
        "size_in_bytes": 14124
      },
      {
        "_path": "Lib/site-packages/wheel/egg2wheel.py",
        "path_type": "hardlink",
        "sha256": "c98e63f2bdd86d20314fe6dfef12a492d44042612e6ad1ff1ffafae93bdbfee9",
        "sha256_in_prefix": "c98e63f2bdd86d20314fe6dfef12a492d44042612e6ad1ff1ffafae93bdbfee9",
        "size_in_bytes": 3087
      },
      {
        "_path": "Lib/site-packages/wheel/egg2wheel.pyc",
        "path_type": "hardlink",
        "sha256": "0e6dcf4f171fe05cc9e5569d361e0089cf8679a6770fbcb71da50a605ac478b1",
        "sha256_in_prefix": "0e6dcf4f171fe05cc9e5569d361e0089cf8679a6770fbcb71da50a605ac478b1",
        "size_in_bytes": 3408
      },
      {
        "_path": "Lib/site-packages/wheel/install.py",
        "path_type": "hardlink",
        "sha256": "d7dbe8a011d2acbf2fed5f27a5f05d844b5d752bc4e01fad71d65525bb3aed6d",
        "sha256_in_prefix": "d7dbe8a011d2acbf2fed5f27a5f05d844b5d752bc4e01fad71d65525bb3aed6d",
        "size_in_bytes": 18989
      },
      {
        "_path": "Lib/site-packages/wheel/install.pyc",
        "path_type": "hardlink",
        "sha256": "75dd583e74d85bba5195fcd595874d374854e2143991c1bfd9912c145ba49dd4",
        "sha256_in_prefix": "75dd583e74d85bba5195fcd595874d374854e2143991c1bfd9912c145ba49dd4",
        "size_in_bytes": 17904
      },
      {
        "_path": "Lib/site-packages/wheel/metadata.py",
        "path_type": "hardlink",
        "sha256": "ef6f7ec14664c8c85bc33d8f50f0b7a445d18acd447d5584141892dea0491185",
        "sha256_in_prefix": "ef6f7ec14664c8c85bc33d8f50f0b7a445d18acd447d5584141892dea0491185",
        "size_in_bytes": 4454
      },
      {
        "_path": "Lib/site-packages/wheel/metadata.pyc",
        "path_type": "hardlink",
        "sha256": "b400175351ec8ba812500f7452e6b0ee4200cfc4bed7ef34d007077323e185bb",
        "sha256_in_prefix": "b400175351ec8ba812500f7452e6b0ee4200cfc4bed7ef34d007077323e185bb",
        "size_in_bytes": 4506
      },
      {
        "_path": "Lib/site-packages/wheel/paths.py",
        "path_type": "hardlink",
        "sha256": "380b5a2600a2be52af24ac35a82dd86c9ca9be9d9ddfc1246bc19059d056359c",
        "sha256_in_prefix": "380b5a2600a2be52af24ac35a82dd86c9ca9be9d9ddfc1246bc19059d056359c",
        "size_in_bytes": 1129
      },
      {
        "_path": "Lib/site-packages/wheel/paths.pyc",
        "path_type": "hardlink",
        "sha256": "c11494056cdbc0de3f2b2e554ebfb4c0f18ab36cf5b00881d71d37a597a612a7",
        "sha256_in_prefix": "c11494056cdbc0de3f2b2e554ebfb4c0f18ab36cf5b00881d71d37a597a612a7",
        "size_in_bytes": 1300
      },
      {
        "_path": "Lib/site-packages/wheel/pep425tags.py",
        "path_type": "hardlink",
        "sha256": "2e4f73626d6bac71b55f744a95ff6995cc29b284994fc511edf1b78e16a866b4",
        "sha256_in_prefix": "2e4f73626d6bac71b55f744a95ff6995cc29b284994fc511edf1b78e16a866b4",
        "size_in_bytes": 5760
      },
      {
        "_path": "Lib/site-packages/wheel/pep425tags.pyc",
        "path_type": "hardlink",
        "sha256": "dd500656b712a3692765c95992fceea5da702830cfd311c55319708d19600ff9",
        "sha256_in_prefix": "dd500656b712a3692765c95992fceea5da702830cfd311c55319708d19600ff9",
        "size_in_bytes": 5754
      },
      {
        "_path": "Lib/site-packages/wheel/pkginfo.py",
        "path_type": "hardlink",
        "sha256": "191efa92ea50ce7d71f6c283697b84e81e85b19e0e91f46d1bba677655cfbd0e",
        "sha256_in_prefix": "191efa92ea50ce7d71f6c283697b84e81e85b19e0e91f46d1bba677655cfbd0e",
        "size_in_bytes": 1257
      },
      {
        "_path": "Lib/site-packages/wheel/pkginfo.pyc",
        "path_type": "hardlink",
        "sha256": "10291d2f2f902368a311ab165c4f182d7281af472a1a9585e4e4448c3f45b483",
        "sha256_in_prefix": "10291d2f2f902368a311ab165c4f182d7281af472a1a9585e4e4448c3f45b483",
        "size_in_bytes": 1955
      },
      {
        "_path": "Lib/site-packages/wheel/signatures/__init__.py",
        "path_type": "hardlink",
        "sha256": "3bb91920266f5f137961190262b3e6004af52e919a64a261e6c2cf588448a181",
        "sha256_in_prefix": "3bb91920266f5f137961190262b3e6004af52e919a64a261e6c2cf588448a181",
        "size_in_bytes": 3766
      },
      {
        "_path": "Lib/site-packages/wheel/signatures/__init__.pyc",
        "path_type": "hardlink",
        "sha256": "868d0c328a7ea635727da798dc53de2d5343a55c3abe60c369086d4f0f84de3f",
        "sha256_in_prefix": "868d0c328a7ea635727da798dc53de2d5343a55c3abe60c369086d4f0f84de3f",
        "size_in_bytes": 3621
      },
      {
        "_path": "Lib/site-packages/wheel/signatures/djbec.py",
        "path_type": "hardlink",
        "sha256": "0bfb51915cb5a08e3f96ea58205d7cc500ecbf8923b3dc7d7f03f53b5ca83997",
        "sha256_in_prefix": "0bfb51915cb5a08e3f96ea58205d7cc500ecbf8923b3dc7d7f03f53b5ca83997",
        "size_in_bytes": 7068
      },
      {
        "_path": "Lib/site-packages/wheel/signatures/djbec.pyc",
        "path_type": "hardlink",
        "sha256": "4394701b70f8772f7f6b49e479a7b3a9ce3e7e598b2718cf868abf539d636901",
        "sha256_in_prefix": "4394701b70f8772f7f6b49e479a7b3a9ce3e7e598b2718cf868abf539d636901",
        "size_in_bytes": 10845
      },
      {
        "_path": "Lib/site-packages/wheel/signatures/ed25519py.py",
        "path_type": "hardlink",
        "sha256": "9c528332ae0b5b68892a4e0864a331638e86c993583cac6e5a16bdc581e4f651",
        "sha256_in_prefix": "9c528332ae0b5b68892a4e0864a331638e86c993583cac6e5a16bdc581e4f651",
        "size_in_bytes": 1669
      },
      {
        "_path": "Lib/site-packages/wheel/signatures/ed25519py.pyc",
        "path_type": "hardlink",
        "sha256": "06727802565cbc40586de19609ac526930b86995a9c0d80190f628d9d33cdde2",
        "sha256_in_prefix": "06727802565cbc40586de19609ac526930b86995a9c0d80190f628d9d33cdde2",
        "size_in_bytes": 2067
      },
      {
        "_path": "Lib/site-packages/wheel/signatures/keys.py",
        "path_type": "hardlink",
        "sha256": "9388f8c8664bdf50edda96b94e778811eabaaa45485c43c4c66171899c691356",
        "sha256_in_prefix": "9388f8c8664bdf50edda96b94e778811eabaaa45485c43c4c66171899c691356",
        "size_in_bytes": 3299
      },
      {
        "_path": "Lib/site-packages/wheel/signatures/keys.pyc",
        "path_type": "hardlink",
        "sha256": "aa346ff0849d1d27c773a6c5ea5ce31b048ae70c43f45b428fe024f1d11c1023",
        "sha256_in_prefix": "aa346ff0849d1d27c773a6c5ea5ce31b048ae70c43f45b428fe024f1d11c1023",
        "size_in_bytes": 4404
      },
      {
        "_path": "Lib/site-packages/wheel/tool/__init__.py",
        "path_type": "hardlink",
        "sha256": "6bfb1e585e754ffde6b5b88e8e29dbab16d5b1fe078e13fe050c3b3d56a11635",
        "sha256_in_prefix": "6bfb1e585e754ffde6b5b88e8e29dbab16d5b1fe078e13fe050c3b3d56a11635",
        "size_in_bytes": 13587
      },
      {
        "_path": "Lib/site-packages/wheel/tool/__init__.pyc",
        "path_type": "hardlink",
        "sha256": "afaa91e1e74f49f32577324b7e3d72354f3335aff299fc6802942a37fbfded42",
        "sha256_in_prefix": "afaa91e1e74f49f32577324b7e3d72354f3335aff299fc6802942a37fbfded42",
        "size_in_bytes": 14079
      },
      {
        "_path": "Lib/site-packages/wheel/util.py",
        "path_type": "hardlink",
        "sha256": "7b0c3174b492b41b58616ea4f95c528eaf4c66d7d4ed2692022927a65462fb09",
        "sha256_in_prefix": "7b0c3174b492b41b58616ea4f95c528eaf4c66d7d4ed2692022927a65462fb09",
        "size_in_bytes": 4140
      },
      {
        "_path": "Lib/site-packages/wheel/util.pyc",
        "path_type": "hardlink",
        "sha256": "86989a97af71c31844594d092dff16acce1041aa6e0286ecba6b1bc37a05dd53",
        "sha256_in_prefix": "86989a97af71c31844594d092dff16acce1041aa6e0286ecba6b1bc37a05dd53",
        "size_in_bytes": 6181
      },
      {
        "_path": "Lib/site-packages/wheel/wininst2wheel.py",
        "path_type": "hardlink",
        "sha256": "3d19e2b8fa90ef4322f9f73b34087f8e0907937a7ea811efa5c6a73eabc1c64d",
        "sha256_in_prefix": "3d19e2b8fa90ef4322f9f73b34087f8e0907937a7ea811efa5c6a73eabc1c64d",
        "size_in_bytes": 7791
      },
      {
        "_path": "Lib/site-packages/wheel/wininst2wheel.pyc",
        "path_type": "hardlink",
        "sha256": "d3e33ddb8d459554350fb83fbd27cb517cd3d30b2857385ddcf18b990a8baf98",
        "sha256_in_prefix": "d3e33ddb8d459554350fb83fbd27cb517cd3d30b2857385ddcf18b990a8baf98",
        "size_in_bytes": 6444
      },
      {
        "_path": "Scripts/wheel-script.py",
        "path_type": "hardlink",
        "sha256": "0b5b042bcd02f4d87c7541c98f489f749ec7e6b4ed507092703f7f4bab584fd3",
        "sha256_in_prefix": "0b5b042bcd02f4d87c7541c98f489f749ec7e6b4ed507092703f7f4bab584fd3",
        "size_in_bytes": 204
      },
      {
        "_path": "Scripts/wheel.exe",
        "path_type": "hardlink",
        "sha256": "13b525f402eff414e421286544661bcb795bf209dee9081cfba04a2aeb4eeeb4",
        "sha256_in_prefix": "13b525f402eff414e421286544661bcb795bf209dee9081cfba04a2aeb4eeeb4",
        "size_in_bytes": 38912
      },
      {
        "_path": "Scripts/wheel.exe.manifest",
        "path_type": "hardlink",
        "sha256": "85ac5da23b83b337e7b4a80b408a8f3f9632376ddebd7f04812700498f34ada6",
        "sha256_in_prefix": "85ac5da23b83b337e7b4a80b408a8f3f9632376ddebd7f04812700498f34ada6",
        "size_in_bytes": 640
      }
    ],
    "paths_version": 1
  },
  "platform": "win32",
  "requested_spec": "None",
  "size": 80951,
  "subdir": "win-32",
  "timestamp": 1526403779862,
  "url": "https://repo.continuum.io/pkgs/main/win-32/wheel-0.31.1-py27_0.tar.bz2",
  "version": "0.31.1"
}