{
  "arch": "x86",
  "build": "py27h87a2792_0",
  "build_number": 0,
  "channel": "https://repo.continuum.io/pkgs/main",
  "constrains": [],
  "depends": [
    "python >=2.7,<2.8.0a0"
  ],
  "extracted_package_dir": "C:\\Users\\Administrator\\Anaconda3\\pkgs32\\wincertstore-0.2-py27h87a2792_0",
  "files": [
    "Lib/site-packages/wincertstore-0.2-py2.7.egg-info",
    "Lib/site-packages/wincertstore.py",
    "Lib/site-packages/wincertstore.pyc"
  ],
  "fn": "wincertstore-0.2-py27h87a2792_0.tar.bz2",
  "license": "PSF 2",
  "link": {
    "source": "C:\\Users\\Administrator\\Anaconda3\\pkgs32\\wincertstore-0.2-py27h87a2792_0",
    "type": 1
  },
  "md5": "b006d01cee7246e464f8ee6175c3b812",
  "name": "wincertstore",
  "package_tarball_full_path": "C:\\Users\\Administrator\\Anaconda3\\pkgs32\\wincertstore-0.2-py27h87a2792_0.tar.bz2",
  "paths_data": {
    "paths": [
      {
        "_path": "Lib/site-packages/wincertstore-0.2-py2.7.egg-info",
        "path_type": "hardlink",
        "sha256": "93144d788fa39ec56670ebda46565e24e2ee60e213d4c68b0d81af3877772545",
        "sha256_in_prefix": "93144d788fa39ec56670ebda46565e24e2ee60e213d4c68b0d81af3877772545",
        "size_in_bytes": 5785
      },
      {
        "_path": "Lib/site-packages/wincertstore.py",
        "path_type": "hardlink",
        "sha256": "9eb1879f68dcdd125eb0ed737ed331f16e335a6a5208ec9f26fd3dd6220cfd08",
        "sha256_in_prefix": "9eb1879f68dcdd125eb0ed737ed331f16e335a6a5208ec9f26fd3dd6220cfd08",
        "size_in_bytes": 11873
      },
      {
        "_path": "Lib/site-packages/wincertstore.pyc",
        "path_type": "hardlink",
        "sha256": "47dee0a60f47b0dc435b7d6169e34b75bbe2b87951fb22ca8bfed826d18f53d1",
        "sha256_in_prefix": "47dee0a60f47b0dc435b7d6169e34b75bbe2b87951fb22ca8bfed826d18f53d1",
        "size_in_bytes": 13141
      }
    ],
    "paths_version": 1
  },
  "platform": "win32",
  "requested_spec": "None",
  "size": 14039,
  "subdir": "win-32",
  "timestamp": 1505944314262,
  "url": "https://repo.continuum.io/pkgs/main/win-32/wincertstore-0.2-py27h87a2792_0.tar.bz2",
  "version": "0.2"
}