GROUP,TID,DESCRIPTION,FUNCTION,TIMEOUT,PARAM1,PARAM2,UNIT,LOW,HIGH,KEY,VAL
Group0,INTEL_DISCH_CIR_190_DELA_1,sub,dummy.Sub,,1000,7,,,,,
Group0,INTEL_DISCH_CIR_190_DELA_2,skip,dummy.skip,,1000,[[a]],,,,,
Group0,INTEL_DISCH_CIR_190_DELA_3,mul,dummy.mul,,3000,100,,,,,
Group0,INTEL_DISCH_CIR_190_DELA_4,sub,dummy.Sub,,1000,7,,,,,
Group0,INTEL_DISCH_CIR_190_DELA_5,div,dummy.div,,1000,5,,,,,
Group0,INTEL_DISCH_CIR_190_DELA_6,mul,dummy.mul,,3000,100,,0,100,{{a}},1000
Group0,INTEL_DISCH_CIR_190_DELA_7,div,dummy.add,,1000,5,,,,,