{
    "ARM_PORT": 7970,
    "ARM_PUB": 6990,
    "AUDIO_PUB": 8210,
    "BACKLIGHT_PUB": 6551,
    "BKLT_PUB": 8510,
    "DATALOGGER_PORT": 6400,
    "DATALOGGER_PUB": 6450,
    "DCSD_PORT": 6500,
    "DCSD_PUB": 6550,
    "DEBUG_LOGGER_PORT": 6700,
    "FIXTURE_CTRL_PORT": 6471,
    "FIXTURE_CTRL_PUB": 6470,
    "HDMI_PUB": 8300,
    "LOGGER_HEARTBEAT": 6780,
    "LOGGER_PUB": 6900,
    "LOG_PATH_PORT": 7990,
    "PUB_CHANNEL": "101",
    "PUB_PORT": 50,
    "PWR_SEQUENCER_PUB": 8500,
    "SEQUENCER_PORT": 6200,
    "SEQUENCER_PROXY_PUB": 6350,
    "SEQUENCER_PUB": 6250,
    "SM_HEARTBEAT": 6580,
    "SM_PORT": 6480,
    "SM_PROXY_PUB": 7200,
    "SM_PUB": 6880,
    "SM_RPC_PUB": 7100,
    "SPDIF_PUB": 8220,
    "TEST_ENGINE_PORT": 6100,
    "TEST_ENGINE_PUB": 6150,
    "TE_PROXY_PUB": 6300,
    "UART2_PORT": 7020,
    "UART2_PUB": 6820,
    "UART_PORT": 7000,
    "UART_PUB": 6800
}
